0.4013958154,0.5933574696,0,-0.262620656,-0.03285759255,0.4376300579,0.2078446475,0,-0.02703139114,-0.7541627523,-0.3488361601,0.5417216254,0,-0.2581940106,-0.3603002976,-0.3621496081,0.414937967,0,-0.2765097992,-0.2915251272,-0.03313770929,0.6633587096,0,-0.09029211815,-0.06890087579,-0.400964468,0.5887527705,0,0.4190987445,0.2190480298,-0.2499862713,0.4056937405,0,0.05508437533,0.1754113604,-0.1312927454,0.5242151477,0,0.1770636024,0.06769202051,0.134754862,0.3786491642,0,0.03340849682,0.2095589458,-1.603891715,0.3474522373,0,0.8512992108,0.1314693697,0.4589234651,0.4856408821,0,-0.2766438768,-0.2565900521,0.5307254972,-0.5754929206,0,0.5451494368,0.4141975973,0.8924270134,-0.08748803394,0,0.4028551025,-0.2032367486,0.237886155,0.2053524331,0,-0.08327180892,0.8274923414
-0.6725138113,-0.3012986388,0,0.5470075057,-1.052672218,-0.3681942276,-0.3264573512,0,0.1139721176,-1.19650099,-0.7892082281,-0.06126496427,0,-0.00408765489,-2.218110413,0.06133961432,-0.09939500806,0,0.1446720847,-1.921451012,-0.59954565,-0.2045589359,0,0.2033928731,-1.927750061,-1.39363058,-0.5113856358,0,-0.3361840875,-1.587426424,-0.783902786,-0.7011788971,0,0.07951499676,-1.120313433,-0.9623780045,-0.3887823973,0,-0.2513567216,-0.6058486769,-0.07642291564,-0.4868330312,0,0.4964209349,-1.711984114,1.07083987,-0.03432210851,0,-0.04219503385,0.4265951535,-1.221351535,0.1672485638,0,-0.7620451398,-2.620276912,-1.314659664,0.1675355094,0,0.4586672639,-1.667557129,0.02822618453,0.03080787403,0,1.981128446,-2.244928232,-0.5496260002,0.3929515779,0,1.465532443,-2.576797247
-0.04558936183,0.9388318308,0.3616322793,0.493570913,0.2592978591,0.2485477281,0.3588423179,0.5504169307,0.3944987187,0.9380288743,0.2991780313,0.1120985996,0.1376194928,0.2418992204,2.209751169,0.1854116011,0.4935502685,-0.03663210347,0.4841367888,1.529752081,-0.2210243648,0.5858249621,0.4209559958,-0.01499219073,0.9426900966,-0.02530140646,0.4572483806,0.1280007576,0.06709411107,1.073716901,0.2681368127,0.1471699979,-0.05372626782,-0.2771377012,1.367375892,0.3624074408,0.3973952428,0.3669258257,-0.1304986595,1.010139027,-0.2676994774,0.8050077974,0.3321414436,0.3573697137,0.13935946,0.3409362103,1.341744309,-0.6345554374,0.5491503818,2.484724124,0.08506766616,1.010110316,1.252013591,0.9326955261,1.990968494,-1.106923467,1.595223316,-0.2765324882,-0.6221403086,0.287825578,-1.578849052,0.231193402,-0.4791805588,-0.03728451473,0.0118057777,-1.367635727,1.866295516,-0.2717262469,-1.178698212,-0.1523075551
0.02905497867,0.2973671365,-0.2795041396,0,0.3390239465,-0.1757829552,0.005270487802,-0.09815863953,0,0.0283401356,0.4673450807,0.1554297084,0.04148394645,0,0.4165435166,0.2285211237,-0.06580701006,-0.3142571833,0,0.9940499026,0.1667649743,0.3831182745,-0.2391162912,0,0.9661906365,0.9629987837,0.05146176031,-0.1947579244,0,0.4705637696,0.8067117809,0.1613989924,-0.1718951524,0,0.2093190726,0.5544897377,-0.1056144877,0.01528533635,0,-0.3773628609,0.3329883794,0.2460298834,-0.7302283626,0,0.8433479033,-0.448544324,0.6975856639,0.1961035817,0,1.101060358,1.121783989,0.132526708,0.8909242743,0,-0.3643834471,0.2988905445,-0.4462230631,1.000800739,0,0.6850638954,0.3241817201,1.074814294,0.1913916128,0,0.1702401255,-1.05649405,0.5395876803,0.8097483069,0,0.4581617317
0.01524110994,-0.2093734051,-0.3517754028,0.2467456632,-0.4291263925,-0.06394306446,0.3197487105,-0.4760450366,0.4697638474,-0.08091723765,-0.2021707655,0.3840482142,-0.2571370666,0.3787432698,0.04195229376,-0.1240550281,-0.1968012234,0.150756212,0.8684173161,0.3523298017,-0.324160017,-0.4103839772,0.02189668342,0.8594968131,-0.1340929747,-0.546356908,0.03080735276,-0.2971084154,0.7903533729,-0.3152946461,-0.6193858119,-0.05273042799,-0.4449969101,0.4199596706,-0.4664735616,-0.06678874631,-0.3820694657,-0.5336201852,0.1681008722,-0.67920955,-0.01517154123,-0.9457712801,0.5548343465,0.4661660906,0.3084555894,-0.02466767696,0.1338460194,0.3179089687,0.7798092415,-0.4046726094,-0.5255019794,-0.9604328531,-0.1000295528,1.128571337,-0.0049171221,-0.4816421824,0.4280393744,-0.3967188985,0.2945834936,-0.6189715405,-1.366933942,-1.010116688,0.6942041069,0.1110582852,-0.2260336237,-1.430978309,0.04987178743,1.116838913,0.7347097397,0.8797408566
0.4610807723,-0.3881339413,-0.9876566049,0.1274279929,0.07301219062,0.7914722583,-0.1127735749,-1.015825974,-0.2553223242,0.2030372134,0.5437429122,-0.6116015349,-1.151763589,-0.102601216,0.3660656944,0.1787865765,-0.7143107501,-0.9295353225,0.3185329346,0.09041516312,0.8887353257,-0.5311105925,-1.059269003,0.2700467378,0.3418344876,1.270193949,-0.4869377796,-0.867715347,0.4713768604,0.4307203776,1.021710268,0.09437100076,-0.8446297502,0.185069594,0.4722249667,0.5124045843,0.7875115723,-0.9204536124,0.534439692,0.279115708,0.1028948493,-0.4466658659,-1.042816228,0.346483364,-0.1878169119,0.04959821447,0.586879523,-1.142579684,0.9372528992,0.1147582742,0.9179158156,-1.663777243,-1.357301935,-0.8900449302,0.3412997674,1.044750212,-0.8747578005,-0.8861728241,0.1131271331,1.156962886,-0.8448598002,-2.951452357,-0.7178481945,0.3112744881,-0.07739397644,1.645357743,-0.9959082678,-0.8827180075,0.3832172323,0.7267180197
-1.207130878,-0.5045190033,0.1707058615,-0.7854497148,-0.4617157957,-1.159274827,-1.041242663,0.7477566395,-1.010195032,-0.4534115217,-1.229076506,-0.717917262,0.3841449543,-1.000143726,-0.5685086054,-0.4086673966,-0.3598999734,-0.03057163339,-0.8132881974,-0.3350515461,-1.277511132,-0.0512337108,-0.3990083408,-0.554828732,0.03048045127,-0.907526287,-0.6720259133,-0.06992924492,-0.4310498661,-0.4422844738,-0.7455122493,-0.9546489034,-0.1720908604,-0.5473832406,-0.7315658121,-0.4814258682,-0.6081192267,0.08819794046,-0.3375232535,-0.4225499604,-0.3437124436,-0.5153410036,-0.4371031215,-0.8500928085,-0.3180748655,-0.5494671399,-1.299110269,-0.5965744494,-0.8403628157,-1.12848453,-1.95223914,-1.386544934,-0.2774658835,-0.842154899,-0.1531220658,-1.396634326,-1.064278971,-0.4469580429,-0.9447527358,-1.645833972,-0.4047291822,-0.2285185286,-0.3731218193,-1.411161377,-0.5984590032,-0.8561939523,-1.445581086,0.2960407287,-1.647554547,-1.556204706
0.4875548879,0.7867353393,0.6439163636,0.2367930261,0.2722295661,0.3353189804,0.3381699957,0.1409513154,0.4869670004,0.4882301152,-0.2349327669,-0.07645505694,0.5199992025,-0.02651521836,0.2611811641,0.1152504801,0.1409146461,0.4653094447,-0.8636907212,0.2124551418,0.06417472527,0.1881645452,-0.2603130373,-1.16879427,0.3929955892,-0.4061123271,0.1521450475,0.4116833978,-0.7061704478,-0.2131468456,-0.257581751,-0.2594322627,-0.1623526242,-1.166476469,-0.05786742961,-0.1519396132,-0.008270993684,0.3155920611,-0.3501063185,-0.1259252239,-0.2807680692,0.01416941422,0.229834361,-0.6248969051,0.006978713713,0.2133723484,0.02379286131,-0.2742026603,-2.007383056,-0.5346874161,-0.9121859,0.3017280363,0.069337016,1.810886632,0.7877613288,0.501653601,0.3570596491,0.1364481739,0.4818604493,-0.3552025439,0.9771172489,0.4255633226,0.2834922373,0.6681297243,0.155461717,1.073481247,0.001117668115,-0.4102632329,0.1380845029,-0.8435394168
-0.2505547805,-0.7491033829,0.8616924125,-0.5627939996,0.3701688272,-0.5876641792,-0.6771394362,0.7688025096,-0.8364998024,0.6578401576,-0.5129140047,-0.5260836513,0.766528705,-0.9581217338,1.475594625,0.1577651818,0.4220388725,0.7348842344,-0.8904691701,1.305301216,-0.2018022561,0.3984860581,0.419619779,-0.9045408606,1.120720119,-0.1417416866,-0.6977359738,0.01402832945,-1.346491731,1.451764412,-0.4396272972,-0.6097148462,-0.000471006155,-1.8156107,0.6199426154,-0.4094970133,-0.2915486267,0.241051,-1.179384953,0.5181096305,0.02009300326,-0.1337552952,0.9698736317,-0.7279108933,0.9513330208,-0.3106882395,-0.4223892083,-0.03738986438,-1.975005819,0.7503097874,-0.5215234193,-0.8408997652,1.728846007,-1.336809879,1.196724416,-0.2875859455,-0.8773644213,0.8148978826,-1.778655149,0.2829851769,0.04629825056,-0.1641643628,-0.3520646393,-0.1859519354,0.6634897983,-1.03456571,-0.3134848364,2.060345069,-1.843092918,0.2581914216
0.5801358771,0.5767721473,0.4133965584,0.5726288963,-0.165548638,0.9692366312,0.6371960812,0.394744651,1.205778367,-0.07462150199,0.4831056211,0.101713257,0.03819499058,0.07898658252,0.07681140701,-0.6334370215,0.05134947117,-0.8449228019,-0.2309700208,0.3581262793,-0.1848120666,0.5380581702,-0.5678164188,0.2867759805,0.4907120973,0.06675302888,-0.02086033895,-0.3513511218,0.6936949048,0.3919941509,0.2922343112,0.05745016751,-0.4497173145,0.1007513438,-0.07427267374,0.2291186207,0.1540001958,-0.3035772262,0.4022227097,-0.4600327021,0.2137109717,0.7212350046,0.1062046125,0.7459082202,0.0004303477622,0.5500081393,-1.015780011,-0.5781212529,-0.03758259005,-0.2190650205,-0.1733283064,0.1969140664,0.2230442516,1.233524554,1.029532019,0.9732200285,0.3054466446,-0.1485920733,0.2410826291,0.5201635744,1.174767256,-0.5913466731,0.01448901364,0.1750161477,0.9239932767,0.7582047544,0.9126358479,-0.6875011828,0.2764808051,1.092308595
-0.195762782,0.007631197476,-0.3320958316,0.3141115299,-0.3438927987,-0.2024069329,-0.1165295317,0.4207175884,0.06015679644,-0.3832814887,0.1192880601,0.1876294069,-0.01544459042,-0.5300915985,-0.470336403,-0.05180533128,0.1686481529,0.003261323133,0.08610873371,0.3193785906,-0.1418953889,0.4928911845,-0.08033810491,0.4696471852,-0.1839848893,-0.09120048512,0.2461223796,-0.05693688974,-0.582933642,-0.1691464453,-0.38918247,-0.08648147034,-0.3899740705,-1.194216044,-0.3865345357,-0.5264229491,-0.1780687087,0.2390964835,-0.8915223809,-0.2737778933,-0.3110671363,0.06775394555,0.2645214602,-0.1860916688,-0.7457832757,-0.7458896599,-0.548749108,-0.1664868963,-1.086706476,-0.3943075577,0.7851093602,0.6039554746,-0.009669630505,-0.4464124208,-0.7808257581,1.484085263,0.2740089356,-0.4266049263,-0.02362647147,1.038638121,0.1998096513,0.5496222238,-0.6379676759,-0.6851590747,-0.6026623584,0.3765267022,0.5103337392,0.5375987906,0.3516814746,0.5350266397
-0.2011932031,0.1855814782,-0.1636642247,0.167301305,0.7753059218,-0.8068307482,0.2034361783,0.2334646384,0.04375882508,0.4673921559,-0.6482394344,0.5685666875,0.08654514444,0.6110286965,0.2458391589,-0.1163953119,0.3894189015,-0.06173574069,0.1335775736,0.07197831044,-0.5262898736,-0.2041022724,0.3356306363,0.1957698389,-0.1147412795,-0.7393029304,0.8647194166,-0.2490681008,-0.1033221315,0.2108006189,-0.7912717882,0.3046337068,-0.4267676062,0.2635445581,0.8944458064,-0.5011846567,0.2169999157,-0.5634247904,-0.1230247752,0.2601451194,-0.3024236534,0.6154138208,-0.1504604303,-0.136002435,-0.1995641958,0.3678531187,1.046269609,-0.3320836687,-0.4193613606,0.02402554994,-0.9129131067,0.9537768992,-0.592745825,-0.5181370745,-0.5286555459,-1.05581259,1.432869548,-0.1988918744,0.01076248075,0.1011200851,-1.451940238,0.5890999617,-0.5803185169,0.1947902292,0.3376086865,-0.2779061049,1.508602157,-0.5772684142,-0.1124461517,0.9357806444
-0.8758120023,0.4992184632,0.306073225,0.1735666749,-0.1014700664,-0.5543204354,0.9184525756,0.7121979899,-0.4229861784,-0.08632938108,-0.8642150303,0.9703508345,0.6534668147,-0.1207171207,-0.3351332544,-0.2206159086,0.4684220976,0.1490194439,-0.3727358976,-0.2015953656,0.209844719,0.3330492825,-0.05561765197,-0.7536735577,-0.08779957372,-0.06497207259,0.6931092859,0.3816970874,-0.7774009561,-0.7113726866,-0.1115408145,-0.1602953035,0.7471180187,-0.5884690199,-0.4759890203,-0.7619119478,-0.1302384201,0.640427477,-0.2872979833,-0.04260284229,0.04771688169,0.1360085309,0.2975759442,-0.3140333954,0.131821561,0.5734650192,0.2973370523,0.1640623526,-0.8005002239,-0.3118022384,-1.096125328,1.021714958,0.001645672095,-0.3780514391,-0.4767135119,-1.03148435,0.6292143102,0.053979003,0.0785122241,-0.8808462626,0.3763769269,-0.1931369374,0.06191947524,0.8877530609,0.534892658,-1.35336569,0.9537451416,-0.2718009925,-0.6247480558,0.1537165352
0.1306138719,-0.9981063943,-0.3252553236,0.2297713756,-0.03968973392,-0.05093384303,-0.4866252416,-0.3468108354,-0.4077806719,-0.1880594749,2.330771801E-06,-0.09972015938,0.2437847929,-0.6403789183,-0.2112819214,0.4352159375,0.5476853342,0.05050548174,-0.3746106437,-0.3534775672,0.2652741191,0.527586273,-0.4114783661,-0.8880188114,-0.1842628129,-0.01099682085,-0.005488084093,0.2008658262,-0.7774143683,0.4570174984,0.04565336037,0.2784706147,0.8625717792,-0.2932870327,0.4350655409,-0.2780457897,0.2525474457,0.5380653495,-0.385953606,0.5415325173,-0.2934465815,0.1200106916,0.3238803937,-0.7920678663,0.1464387422,0.09404306709,0.998834451,0.6562411956,-0.5302278323,1.258420351,0.3562299529,-1.145831302,-0.1741478343,-1.048833887,0.4650953461,-0.4547337693,-1.715175346,-0.8679718162,-1.168868598,-0.3244576444,-0.3875263929,-1.056701639,-0.3540061201,-3.128421494,-0.1130626678,-0.3035638109,-0.9791731536,0.1007101238,-2.496060371,0.8247335888
0.9683172031,-0.5371794985,-0.245666512,-0.2007709877,0.054949622,0.9213644759,-0.7048370384,-0.1652442647,-0.5955963612,0.1741202166,0.7869466358,-0.4301522635,0.009282139914,-0.1914160524,-0.4002485747,-0.1487585813,-0.8368008467,0.1483526786,-0.6640813127,0.08914632539,0.209298,-0.680263004,0.3081637723,-0.4308397259,0.4585568508,0.71777223,-0.9256310205,0.1060685649,0.1013839687,-0.3014817148,0.5151997136,-0.6583233957,0.1900010528,0.4884391502,0.1872008491,0.5283172895,-0.2160333143,-0.1526613966,0.1153461608,0.2747965089,0.2649010112,-0.1101070794,-0.1519724952,-0.7642586561,0.1853903607,0.7718506033,-0.1848152556,-0.4686656279,-0.4262654531,-0.2082315094,1.654747081,-1.232135892,0.0582644162,0.1617408565,0.05463983637,0.3812163946,-1.49080808,0.4190480406,-0.1797294952,-0.9846826696,0.07021201083,-1.345533822,-1.371676683,-0.3788898161,-0.7553182266,-0.1679522693,0.736592792,-0.1551240459,-1.003890656,0.5370107479
-0.256014995,-0.2956890274,-0.3077416663,0.4808219157,0.2641016534,-0.6091984725,-0.4063743071,-0.4859913384,-0.03631355217,0.4130275123,-0.3292995123,-0.516724949,-0.3485441021,-0.2638387298,0.463556931,0.3364541248,-0.2298384717,0.008278806403,0.1605592977,0.5152441144,0.263058385,-0.136724107,-0.5158068217,0.05945846828,0.2412311823,0.231034074,-0.2257315179,-0.229222473,0.5743381633,0.04428969027,0.004790983676,-0.235243806,-0.4373169634,-0.3033417445,-0.0217762947,0.3834043284,-0.4948207582,-0.3835967051,0.2954928417,0.1300858024,0.3623071757,-0.3695497633,-0.2391241968,0.9240490087,0.4609286571,0.5359412958,-1.110958462,0.00584764598,-0.01113949095,-0.2073929077,-0.5135876502,-0.3374396776,-1.000954316,0.6121375579,1.438514275,-0.939504319,-0.3914639593,-0.3478799867,2.016417397,1.92656126,-0.6856743864,-0.2148279851,0.2521681796,2.589464818,1.025471085,-1.775226831,-1.460753292,0.9703015611,1.146467905,2.045486823
0.4415590738,0.2593534136,-1.064619975,1.304537952,0,-0.1066802827,0.4032822411,-0.5366608195,0.693289159,0,0.1716360625,0.244228777,-0.1028440105,0.7305214414,0,0.5517810426,0.1671323198,0.2202171692,0.253653712,0,0.1380794444,-0.10441305,-0.06282544847,-0.2837101559,0,-0.04794228029,0.1123320807,0.2292989949,0.6202076458,0,-0.2272939443,0.2037650571,-0.2635502178,1.365829145,0,0.1712489395,0.3389133312,-0.4972145004,1.108891303,0,0.2980160526,0.009766897712,-0.02673413238,0.01510562596,0,0.2661212329,0.09955101599,-0.3201232545,1.291568854,0,-0.121121541,0.6122005669,-1.117024807,0.1307050301,0,0.2753351528,-0.5306354687,-1.730188821,1.378368316,0,0.7382558302,0.04402841069,-1.746219209,0.5732443418,0,0.9255211055,0.7893243656,-0.7790697068,1.470305978,0
0.001324104133,-0.6561599432,0.3399380296,-0.2452421284,0,-0.3785474322,-0.490138561,0.204566145,-0.7490083503,0,-0.213101055,-0.6427288392,0.4198820292,-0.3875254022,0,0.2615683188,-0.02801665313,0.4203994874,-0.5837380906,0,0.3331853839,0.02562077873,-0.2269432352,0.1851165332,0,-0.1830961338,-0.02227612196,0.09053769496,-0.1154794719,0,-0.5732743245,-0.2551120112,-0.1226647132,-0.3337233323,0,-0.1297127093,0.3645099588,-0.01853747313,-0.2352207509,0,0.3186036665,-0.2622686237,0.03099816475,-0.3243412956,0,-0.2284380072,-0.1343796187,-0.2862945598,0.3570985828,0,-1.252733357,-0.79123387,0.4920589043,-0.6961376531,0,0.1050540189,-0.6606592259,-0.5127713983,-1.142991568,0,0.6947611017,-0.1010233164,-0.6491264392,0.1098539867,0,0.1993603483,-1.004673738,-0.08462164924,-0.7705523595,0
0.40604523,0.3938630617,0.1306335079,-0.5739975415,-0.04507066941,-0.02885738221,0.5627389787,-0.02868593008,-0.5213527611,-0.3573288163,0.5087458142,0.5010968765,-0.3513193594,-0.5990210253,-0.07544216389,-0.005056717858,-0.3580038239,0.1119635884,-0.2489949221,0.3197768007,0.02136065954,-0.3488220449,0.01042017368,0.1847308686,0.4517812241,0.5212523325,0.3871707745,-0.467204783,-0.4028972279,-0.1243455681,0.4026444458,-0.3129823214,-0.09111204755,-0.8935599375,-0.3658074778,0.07162146055,-0.1936845897,-0.1450342002,-0.8164367137,-0.1625752931,-0.03753219883,-0.1366686717,0.1038305411,-0.7297820861,0.3914415249,0.3741700916,-0.01698521242,-0.2787464324,-1.254958129,-0.9432966438,1.22766921,1.188928923,0.2919330497,0.4782934054,0.2785998427,0.2147329986,0.2386038487,0.9091567472,-0.2638951117,-0.4593393239,-0.2216068203,0.1403046335,0.5489600269,-0.631593304,0.1518206341,-0.1397852786,0.3225002699,1.549931616,0.3501677159,1.362558007
0.2679772295,0.05440353726,-0.2567044328,-0.5847577853,-0.04927427531,0.2922082518,-0.1695205926,-0.76920433,-0.5056796071,-0.3812074574,0.07640439769,-0.1540459798,-1.086647976,-0.0238160728,-0.1009908342,-0.4091193952,0.1036619962,0.3562902844,0.4640811769,-0.08241211475,-0.3103979901,0.06229558834,0.293766495,0.6511868947,-0.4595367056,0.4287774248,-0.07193021128,-1.378912189,0.02642677643,0.4350425193,-0.3322663465,0.1141429652,-1.090576199,-0.07473170132,0.3374530714,-0.08395836265,0.12309803,-0.1704622941,-0.3751806638,0.3152540656,0.5356672564,-0.3981461655,0.2132816942,0.3050746194,-0.09833827473,-1.142065884,0.9428403158,-0.8897199209,-0.1270875099,-1.233784187,0.5261427799,-0.1251348018,-0.94792283,0.3414255264,-0.4160354324,0.6698228435,-0.571915519,-1.034580476,-0.2463648798,-0.1961473179,0.7647719546,-0.1283523196,-0.9976575997,0.3489291961,-1.087391789,0.437240392,-0.004341699183,-0.8833491802,0.08031253889,0.05070260167
-0.4471275885,0.08646240232,0.3677974752,0,0.1461014502,-0.4258289488,0.2814768508,0.501958345,0,0.05623865086,0.07403148206,0.2781778316,0.6114404696,0,0.2490971401,0.2259133864,0.1974307025,0.2849759355,0,0.4663474202,0.02028727525,-0.06401379367,0.09947351142,0,0.5118993499,0.3847196369,-0.08129806408,0.2197089038,0,-0.09128230703,-0.04841924156,-0.009838619786,0.3743787969,0,-0.2150134061,-0.04898884838,-0.001895757844,0.3127763548,0,0.2764743964,0.1782952213,-0.1551925403,0.5232629978,0,0.2653685063,-0.6136588293,0.001419673815,1.041912858,0,1.416603682,-0.2002667907,0.376047704,1.107558998,0,1.061093937,-0.6515430436,-1.11063382,0.8673661047,0,-0.4693646314,-0.6294597515,-1.169343182,-0.1367322696,0,0.1539349421,0.4678393975,-0.7874802575,1.166222818,0,0.2609479651
-0.9045363184,0,0.1568414067,0,0.7028629299,-1.412192248,0,0.1873998417,0,0.247013403,-1.292954145,0,0.7000530607,0,0.112254042,-1.179012116,0,0.7724077655,0,0.04139030357,-1.050476987,0,1.10220204,0,-0.1575520483,-1.277792797,0,1.456963745,0,0.06978320981,-1.26399755,0,0.8087122683,0,0.06186913598,-1.109851507,0,0.9392957208,0,-0.1337931605,-1.022279459,0,0.7524557321,0,-0.1630830326,-0.1128387267,0,0.08644563152,0,-0.2430364425,-1.508344969,0,0.7108706411,0,0.837425563,-1.563019118,0,0.6156007645,0,-0.1170967289,-1.662761637,0,0.1066422377,0,-1.015066445,-1.60844779,0,1.11689038,0,0.3778559505
-0.08652628177,0.08898670695,0.2166218951,0.1129782943,-0.711862817,0.4414431642,-0.5584657984,0.08952634084,-0.5518461102,-0.9121781121,0.4030466559,0.1065676986,-0.3189906406,-0.7537323148,-0.771916585,-0.08822876104,-0.3430897025,0.3018028426,0.01845760761,0.390952138,-0.2122930971,-0.2984822718,-0.1108671355,-0.3791547726,0.1817503576,-0.2471308276,-0.2946625527,-0.05112395025,-0.8252666589,-0.6664697411,-0.06154286271,-0.1832161485,-0.4930266211,-0.9934407362,-1.135860929,0.1122484327,-0.0717261398,0.1871267967,-0.477621088,-0.3058945329,0.6849632076,-0.1182884665,-0.2938275804,-0.04221947063,-0.4341353168,1.111064826,0.01982031153,-0.5469324058,0.4637635531,0.5560548273,0.6722140451,-0.2203690656,-0.5194969352,-1.055868696,-1.106762343,0.5192979321,-1.561685347,0.4738632233,-0.02814863416,-0.07116305881,0.3681484844,-1.375018624,-0.3533896165,-0.4612667374,0.3950204211,-1.040517986,0.2190809175,-0.3266064785,0.5352228694,0.8401990794
0.07939249218,-0.1752857844,-0.4278544726,0.02516355133,0.3285444752,0.1727453719,-0.02709618809,0.3383518209,0.07292556803,-0.02379636035,0.110237601,0.4184824513,-0.2724673774,-0.1152114638,0.3906330058,-0.02328597698,-0.0668540131,-0.798935288,-0.6039977861,0.7851748823,0.003986893761,-0.356831741,-0.7890177284,-0.3228052402,0.3963236857,-0.08163036145,0.5050049782,-0.4998991818,0.03875333018,-0.04158894864,0.01606799442,0.3082423615,-0.2768909097,-0.1626665523,0.06809947767,0.09519603656,-0.1338492978,-0.1142574877,0.03327268032,0.2907205362,-0.1367528613,-0.491359386,-0.2376801082,-0.5332966124,0.2996942259,0.2204269263,0.05880363483,-0.8466990748,-0.758086546,0.5344706071,0.2923785678,0.6415302462,0.2362210349,0.0612678923,0.474610431,0.1022397322,0.8719663993,-0.009607762897,-0.2535908762,0.1444503202,-0.7307072516,-0.4155336853,-0.6535516339,-0.5308156673,0.7855699744,-1.162667304,-0.2107382715,-0.8827996906,-1.06595017,0.07375552878
0,0,-0.5831737975,0.1500619399,0.3902424491,0,0,-0.3176771229,-0.07198790177,0.01005176708,0,0,-0.5017694087,-0.1144228676,0.3298935639,0,0,0.357447857,-0.7617126173,0.1458332995,0,0,-0.7942338707,-0.03138965549,-0.4950337057,0,0,-1.510129678,0.3542646593,-0.3676798801,0,0,-0.651096902,0.379414782,-0.2392279864,0,0,-0.433486029,0.4820105032,0.292396459,0,0,-0.8483417042,0.08584081909,0.237390743,0,0,-0.5524549033,0.4882188863,0.8711663968,0,0,-0.7234508646,-0.05767914871,-0.05618697534,0,0,-0.6800168077,-0.3482471396,-0.4913760509,0,0,-0.8294526679,0.3463789299,0.5811522074,0,0,0.1046123207,-1.298290983,0.6196074821
0.3878597457,-0.4499674955,-0.09454180349,0,-0.3758047967,0.2840467156,-0.4332650056,0.4410520004,0,-0.6065340197,0.6442611233,-0.6664067776,0.1552604968,0,-0.0381880725,0.9156732708,-0.6019098169,-0.640839233,0,0.5169075645,0.4569637075,-0.4081363934,-0.9465300602,0,0.473991777,0.3750791986,-0.1988950394,-0.3945027996,0,-0.06311968779,0.1902740282,0.08309288735,-0.0764089363,0,0.320263793,-0.02881702069,-0.0637325874,0.2878449254,0,-0.06352001513,0.8570601986,-0.3217240912,0.1430637421,0,-0.4262862046,0.5794166968,0.05629022589,-0.4315329424,0,-0.2906574661,0.1667405331,-0.4207913934,-0.005251613648,0,0.05948409333,0.5199277337,-0.2453275981,-0.4723786254,0,-0.127434081,-0.0623522486,-0.5002989684,-1.187512525,0,0.6365387674,0.5838907444,-0.2800853476,-0.4464699775,0,-0.8387045115
-0.004942508506,-0.5225519675,-0.264098599,0.9221013771,-0.2378958441,-0.1314870356,-0.8308835692,-0.08973930058,1.10171327,-0.6090475246,-0.07211639143,-0.3292261861,0.1748357914,1.224418825,-0.6145473256,0.5689656137,0.1608460542,0.3298363681,1.558606095,0.430189842,0.9635253805,0.2141394678,0.1429430948,1.644538869,0.4893831443,-0.12644721,0.009702079418,0.3383126308,1.240643673,-0.5880664901,-0.9876011937,-0.2724803539,0.00766194228,0.7587917721,-0.734587834,-0.4102096861,0.2788563244,0.057419195,0.9726776852,-0.07919867934,0.04888352643,0.0649658053,0.07386848195,0.8933358537,-0.2226586705,0.1629389898,-0.3897332407,-0.5649752996,0.09701673224,-0.8561236866,-0.6441828093,-0.6943109541,-0.3308407077,1.7381126,-0.2160351652,0.1094755434,0.1506318445,-0.493147781,2.30344608,-0.03890122207,0.3662420703,0.8104894842,0.7939579572,2.231775403,0.6573298573,1.200321242,-0.1447128467,1.038005665,2.088988565,-0.4509719387
-0.2942158294,-0.1285660525,0.2229493888,0.3235297084,-1.867428132,-0.04041765338,0.1554131791,0.2703129823,0.2250050294,-1.872235141,-0.08929119613,-0.3881019547,0.08415000273,0.267842532,-0.5317242823,0.1833080381,-1.082628598,-0.4193311566,0.4531129584,0.02648811534,0.01537077563,-1.695819221,-0.2839295234,-0.2431691848,-0.2655474249,-0.382409117,-0.8787923797,-0.2116751703,-0.1322777727,-0.310543607,0.04699039026,-0.1116459232,-0.2912656485,-0.1757367858,-0.5407000677,0.4233279365,-0.3695670128,-0.1481087986,-0.1844764023,-0.538439234,0.2108478443,-0.3063666628,0.01599497114,-0.2082630319,-0.2304107802,0.4585399375,1.728574323,-0.9582997019,-0.2045859889,-1.061227639,0.371282761,-0.1157839557,-0.455343827,0.4600812253,-0.09274461394,0.5043240732,-0.3040079831,0.1278776773,0.9574846784,-0.6130612941,0.960456218,-0.03199287185,0.1785324216,0.9576129743,-0.5043773805,0.5053888708,-0.5707780793,1.115774781,-0.7803562805,0.6481042264
-0.5500563918,-0.3364005462,0.3415092822,-0.4148483226,0.1873556608,-0.2332984619,-0.1866802636,-0.3379539795,0.03655827397,0.1907967922,0.02960920555,-0.2767923437,0.02911242836,-0.111181764,0.168306397,-0.2078715142,-0.004608393458,0.1931928764,-0.1390428835,0.4587139609,-0.1531781929,0.014664708,0.4657321384,0.1276859996,0.7832641593,-0.03753494617,-0.674717415,-0.1255671031,-0.05530002922,0.3105182721,0.01934834347,-0.7351415081,-0.1417992491,-0.1109549088,0.08313308118,0.003782147993,-0.3954238448,-0.08730879141,0.03650914528,0.6962839572,0.1366131452,0.2559945697,0.111854749,0.1819698956,0.7834427789,-0.1436654086,-0.1166922227,0.3732967206,0.0186637964,0.2949671968,-0.02989464233,-0.1373375353,-0.315583302,0.2484877355,0.5134112788,-0.5138072893,-0.7139669153,-0.6867532049,0.3224933025,0.1318754469,-0.3780217836,-0.5002369923,-0.8348410726,0.1663658544,0.4273554853,0.3605851866,-0.774183101,-0.1950656977,1.288991511,1.021209538
0.2167759336,-0.07944780596,0.1325094666,0.6996113605,0.4151294752,0.3430712203,0.05762938162,0.02677283482,0.1009894017,0.323417983,0.1417965409,-0.1686052229,-0.4702164918,0.4419278932,0.0762823873,0.01073414145,0.1536443856,-0.289052073,0.5032094137,0.2395678127,-0.3445771303,0.02800958918,-0.3566998733,0.6025780683,0.7447797568,-0.5808051658,0.04392039764,-0.6402202614,0.0333419194,0.8271282139,0.07301987373,-0.5546118892,-0.5493761835,0.3727338286,0.3647914057,-0.4900783295,-0.3427285138,-0.1639224548,0.4912805278,1.08360587,-0.314017117,-0.3735688061,-0.2267692196,0.260011786,0.5336719615,-0.6227147236,-0.567203511,-0.3018196476,0.5227939623,0.4906273606,-0.4080660382,0.1556575561,-0.2877175188,1.325192902,-0.2576261361,0.2999205305,-0.6002287843,-0.1784101592,-0.8844948795,-0.8230343445,0.04408235229,-0.2414533475,0.1606508877,-0.5044135262,-1.264563066,0.2677229289,0.08583333064,-0.7263752297,-0.7120887935,-0.3974669017
0.07463507126,0.1812971587,-0.06812462433,-0.3559429233,-0.4142449955,0.3153950105,0.2145335312,-0.159831271,-0.07557304003,-0.3339285595,0.06792907976,-0.6509729193,0.2830252173,0.4064880483,0.1424864503,0.2713718681,-0.2424034823,0.1266711646,0.1194183089,-0.4740201587,0.04976964791,-0.607993569,0.2987149753,-0.0487457009,-0.2762177058,-0.3355672579,-0.3036896595,0.4267391916,0.336001487,-0.3465298879,-0.184189512,-0.4527671497,0.1323404719,0.1508494462,-0.1155893085,-0.08558523473,-0.5006550918,0.2241449204,0.1501660517,-0.5206378252,0.189017548,-0.3781209971,0.08403964814,-0.267718476,-0.6594077355,-0.5524935443,-0.4728444875,-0.4291050278,-0.236318719,-0.1177957395,-0.3352621418,0.03854156901,-0.04134155421,1.123623269,-0.03024004902,-1.135020494,-0.02753826257,-1.013953145,-0.869866551,-0.547952967,-0.1746440168,-0.3151367743,-0.7293252211,-1.147896443,-0.9277808539,-0.05297352001,-0.7893993631,-1.264011949,-0.3606501762,-0.6341770217
0.5604364668,-0.2832837115,0.3269098998,-0.007942637644,-0.3933759521,0.2967780808,0.02504957147,0.1311175717,-0.3140243377,-0.8468919982,0.4230695373,-0.004308846035,-0.2846864885,-1.217854666,-0.3213862965,0.3686479961,0.1995672556,0.04707028776,-0.6351392578,-0.1453722307,0.6064629252,-0.05338971504,0.05726119578,-0.5340758455,0.121262363,-0.01779077386,0.1220078308,-0.5256188801,-0.769398066,-0.1842404122,-0.2389039333,-0.05450320945,-0.3280734291,-0.676220774,-0.02325650514,-0.005851544928,-0.225646947,0.01902008577,0.1465552675,-0.1000467237,1.147202463,0.08772404375,0.6759470941,-0.3016847756,-0.4761454768,-0.2365057394,1.314589677,-0.04055064713,-0.6929669816,-0.5254469203,0.00708645809,0.3960187701,-0.7526984225,-0.5516754344,-0.4895191048,1.262589951,-0.1124508152,-0.07806239543,-0.02820571569,0.03641181945,0.806323805,0.1040026758,-0.1199582262,0.1890828276,-0.2818207038,2.245684654,0.7892761305,0.774681069,-0.621505186,-0.6644553468
0.06324281327,-0.7838043283,-0.4194901853,0,-0.2799239152,-0.1297995871,-0.6587495951,-0.9775042161,0,-0.4978699307,-0.2395896536,-0.2819364125,-1.642544982,0,0.3987493395,-0.3513067104,-0.3744481262,-1.108221547,0,-0.001105566477,0.119877039,-0.6521141776,-0.9354774561,0,-0.05802050396,-0.1633362947,-0.6402318079,-1.09680991,0,0.07280989271,0.1068389249,-0.1520297824,-0.6257815084,0,-0.02038733694,0.3210693949,-0.07789311231,-0.1768896326,0,-0.29704436,-0.2511073757,-0.2946497713,-0.7753805877,0,0.2634120702,0.02471411454,-0.561890114,-0.5952847265,0,0.2838772449,-0.2080220888,-0.2849540143,-1.104500288,0,-0.7292098941,-0.512851283,-0.1975485624,-0.5142261782,0,0.5447982672,-0.2921362626,-0.09186105217,0.434397921,0,0.4424998436,-0.3193742745,-0.05312085524,-1.014041603,0,0.4137743264
0.1862520867,0.5413035617,0.6279407532,-0.2353072491,-0.4688768973,0.679085904,-0.03365378496,0.2593957191,-0.2099976856,-0.3370589722,-0.07587561324,0.07012131116,0.2973155936,-0.1928749331,0.04869209107,-0.02994610519,0.05296338857,0.6604506733,-0.1275572885,-0.2859013137,-0.2252896967,0.07629163564,0.7746492108,-0.3858052744,-0.6117943883,-0.2421477597,-0.1177590091,0.8227142319,-0.0365303384,-0.5502207869,0.253854719,-0.08286801504,0.007043313166,-0.2297453826,-0.5808607918,-0.2007752186,-0.002528376004,0.3875267436,0.001758999345,-0.3813321036,0.4200338059,0.0140442119,0.8579330296,-0.07830885195,-0.2427461285,0.09242962086,-0.507896169,-0.1525572922,0.2006807255,-0.1559597656,0.5713828587,0.03527947637,0.3649436256,-0.2867303397,0.4191655573,-0.1578977288,-0.7688437801,0.2423807691,-0.6677051932,0.3316866354,-0.9792550291,-2.064546074,0.6532595115,-0.5772819945,-0.4430033096,-0.4270271212,-0.7251395732,1.233928569,-0.4643201604,-0.379464725
-0.4023658336,-0.1379503341,0.5455447499,0.831670747,0.655216611,-0.2140205935,0.255101483,0.2835004339,0.9397990226,0.6854969064,-0.3840913932,0.1924459927,-0.03971003783,-0.2449366101,0.8973049171,-0.09268407654,-0.3213947405,-0.2240133054,-0.5715696332,0.9346482129,0.01588891646,-0.2601562256,0.3902012695,-0.4730298766,1.116861741,-0.655754177,-0.3873220094,0.1964282317,0.06082050609,0.9105343463,-0.2725302566,0.1896939794,0.389651155,0.5036805581,0.2391360449,-0.3821747566,0.08846757178,0.1067936712,0.03107841796,0.6297662449,-0.5925466475,-0.06309190593,0.4510134697,-0.2729188425,0.7212628597,-0.5528476468,0.1463499342,-0.213228499,-0.8146602743,0.1414213378,-0.1091289619,0.8540168761,0.1989494152,0.06490038141,1.781482052,-0.3087592732,0.4442056061,-0.05022047034,-0.07861282637,0.5164721555,-0.294252385,-0.2081600099,0.1325572136,-0.1274250325,-0.1634195788,-0.915417321,-0.3127319813,-0.2264867276,-0.9672669321,1.850278169
0.7894980187,0.07607133656,-0.4385494555,0.27983857,0.1900958963,0.8523515008,-0.2308265302,-1.06890463,0.6062883623,0.7247054973,0.6587173362,0.1422739537,-0.6855389934,0.7039844649,1.040355268,0.05996347656,0.495178594,-0.4395819368,0.03606536459,0.7283915273,-0.1626878476,0.6993474508,-0.4872848753,0.05504791328,0.5738204933,-0.08854633512,0.5874784962,-0.5176210845,0.2947019495,0.6706635767,-0.2407389712,0.2684239896,-0.9528008358,0.4752257961,1.158834618,-0.3963323149,0.4987349697,-0.06694481921,0.3523431155,0.6667542658,0.2656099389,0.3513738905,-0.2075515575,0.1898610706,0.08017906128,0.6724210048,0.1711003004,0.9526206244,-0.417781446,-0.2815388153,0.9828864531,0.1404174375,-0.6634635789,0.9179641766,-0.1109937306,1.684652403,0.2410790648,-0.6688508631,0.1142003488,-0.6436133084,0.8703116365,0.02625837071,-1.427513301,0.2261477453,-0.3527513125,1.897901952,1.603950224,-0.009469838813,0.1548022339,-1.510553151
-0.0790886358,-0.4774221731,-0.6702081319,-0.007694525552,-1.276357947,-0.3671061088,-0.06082254195,-0.5393223983,-0.3653148298,-1.724582626,-0.881567692,-0.09883405772,-0.6385543805,-0.9442198919,-1.330000016,-0.7267246615,0.3731241655,-0.6965471245,-0.0148053334,-0.4962716232,-1.324749395,-0.2373752379,-0.7848115541,-0.4477049337,-0.1542977241,-0.9649400915,-1.41830166,-0.6267373654,-1.263784651,-1.734867842,-0.1486368909,-0.3356350983,-0.4696721468,-1.28020405,-1.696472487,-0.01146723819,-0.3672932601,-0.1425198883,-0.3728244819,-1.097301454,-0.7001639867,-1.175642261,-0.6513779605,-0.2614474253,-0.6010237162,0.536147088,1.224923362,1.557093798,-0.8158189239,0.4618952161,-1.234202109,0.1532079007,-0.6716832713,-0.8825708161,-1.641092171,-0.9864021252,-1.874888131,-0.8765832681,-1.517533527,-2.412832609,-1.23068229,-1.839449883,0.07860864486,-1.289294532,-1.256790629,-0.3292069286,-0.2796165906,-1.379959434,0.2009904701,-1.638211377
0.3529972487,-1.033559848,0.4316437942,0.03725222874,-0.2669038123,0.282697654,-1.175718647,0.5913598229,-0.1206642917,-0.3865552614,0.498259249,-1.182780792,0.1100671439,-0.4788398823,-0.7685598188,-0.1488417311,-0.6399666163,-0.01969841529,-0.5299627986,-1.238703382,-0.1464765608,-0.4423399517,0.08605881151,-0.3098411886,-1.221003706,-0.220277493,-0.4238127652,0.3154146212,-0.6128038797,-0.7485893682,0.3550258826,-0.5018280318,0.5347401499,-0.529281461,-0.7143743971,-0.03446694881,-0.3070873004,0.7115399416,-0.4704616311,-0.3635728472,0.1869629752,0.1986131903,-0.08208248435,-0.4820217228,0.2839492045,0.7800478673,0.5006392892,-0.1605455586,-0.375619441,-1.039739004,1.182986689,-0.7230909122,-0.3968781045,0.3091675357,-0.6490355843,-0.07298920091,-0.6213471266,0.3636756414,0.6944747271,0.3027423567,-0.1101592683,0.4688432919,-0.346741605,-0.4105154138,0.3381149247,1.150378361,-0.8161430061,-2.882315457,-0.2589152325,-0.1163998656
0.05882091268,0.3136527689,0.7239938026,-0.4302110365,-0.1454540688,0.1080146254,0.2547188349,0.4780902736,-0.8943862616,-0.1005954653,0.01557353607,0.572358603,0.2439041882,-1.066364572,-0.5556169852,-0.1247459527,0.2832276443,-0.1534240213,-1.076852026,0.06627196506,0.06660350604,0.4820522098,-0.5226923909,-0.8191914895,0.4612121933,0.2082629848,0.6935891517,0.0005649240748,-1.060261059,0.227035933,0.6026203159,0.4442763173,0.1182900887,-0.9971451136,-0.3270538682,0.453604511,-0.1373520438,0.1487065722,-0.3098509973,-0.4810650999,0.1200073305,0.3203251742,-0.1007065754,-0.3479910784,-0.04693670175,0.05328797176,0.492328966,0.1518746173,-0.4248107491,-0.07442414286,1.007988766,0.2991749937,-0.0874325335,-1.003981507,-0.177564368,-0.3509812845,0.3862852225,0.9131555281,-1.644109419,-1.108694496,-0.396839095,0.9088087423,-0.7036519812,-0.9991312133,-0.5582789545,-0.3451399254,-0.3527703919,-1.180947423,-0.9290160239,-0.2947594305
0.2723830041,-0.2170593135,-0.6808571889,0.01153440522,-0.3779648976,-0.0406744772,-0.5531755564,-0.4648782936,0.722624565,-0.5667488013,-0.1848284245,-0.9249295207,-0.1782530739,-0.001418726267,-0.635245193,0.7664298261,0.3955823544,-0.2278371957,-0.01364100115,0.01881270254,0.9490161228,0.5638383706,-0.5483993677,-0.297317621,0.08407844426,0.3173687203,-0.220204338,0.1683299137,-0.7564608846,-0.9627201554,0.1741411878,-0.6387511385,0.001913458567,-0.8494223199,-0.6489679856,0.2272595827,-0.2398204022,-0.3827929616,-0.3597104034,-0.2071271101,0.3579537217,0.5478105698,-0.3694698554,0.3961862909,-0.005856956238,-0.02209022043,-0.09706887558,-0.3197543313,1.189391762,0.009977930084,0.1950671849,-2.123626201,0.3244682823,0.7094809708,-0.5359825639,-0.5881763021,0.09348190483,1.246747696,1.630032195,-0.5188428403,0.5591761912,1.555471957,0.437415702,0.9394006208,0.6014738849,0.8057455048,2.229842037,-0.4326129965,2.136508256,-0.7193612158
0.2129176946,0.04468446778,-0.07522648132,-0.254331782,-0.2922323194,0.4028582975,-0.07198435536,-0.4643734454,-0.4298889631,-0.573137195,-0.4222921133,0.2617930839,-0.191648393,-0.486897641,-0.6785134663,0.182155575,0.3239679029,-0.1186449843,-0.1563939514,-0.2309589461,0.2335834574,-0.00812773986,-0.4777353555,0.8452274765,-0.05719566342,-0.3338403585,0.264526866,-0.520973501,-0.8530337503,-0.4674322377,-0.6005633143,-0.1564878778,-0.7743302728,-0.9794669741,-0.2853509521,-0.1680893026,0.3667653063,-0.2611520326,-0.7602183006,-0.1736700513,0.7945878228,0.02170988555,-0.05530253671,0.1828536983,0.1237165526,0.1962050037,-1.322831434,0.08062220342,-0.7992077238,-0.4252742905,0.6323115839,-0.5519455827,-0.06393465626,-1.092588484,-0.8545341733,-0.6258187871,-0.5781007249,0.05225479709,-1.634206555,-0.4569247748,-0.6492287176,0.6851652435,-0.1232522801,-1.454879812,1.171142523,1.411342919,0.06038337597,-0.4571523368,-2.085594922,1.584148258
-0.6906462692,-0.2052091875,-0.3417050261,-0.1401575093,0.2521138887,-0.6333929239,-0.3144319822,-0.3266612375,-0.7999124142,0.1186247135,-0.4895073322,0.3109971792,-0.3965772681,-0.8148198254,0.4090277553,-0.4370521927,-0.3245065493,-0.1935885674,-0.3422854029,0.4572089293,-0.07402788429,-0.3283905563,-0.3285261478,0.1193591324,0.1911415318,0.2500245397,-0.1731462315,-0.1504601547,-0.8430851202,-0.3215890586,-0.09538690427,0.05501070042,-0.1676033586,-1.976436821,-0.2796255911,-0.02526763419,0.3661042197,-0.04885701843,-1.212371657,-0.0721451013,0.1270113639,-0.1482509057,0.2006916957,0.1726430274,0.4697680343,0.01334098396,-0.6087450206,-1.036511554,-2.201784073,-0.7793105073,-0.3974018702,0.4318699396,-0.8180512485,0.3003613089,0.2702125959,-0.9993841463,1.185739025,0.1053925612,-0.7571641707,1.030038688,0.03096525677,-0.01659897821,-0.3261049922,-1.014547855,0.3710425879,-0.3802390955,0.1047719363,-0.820786193,0.02261883393,1.045228481
-0.1252998735,0.06519005671,0.165648218,0.3474631218,-0.2447843927,0.4565411683,0.2223194371,-0.1331431152,-0.2348640329,0.1151042464,0.8774868349,0.2299553643,0.2438798202,-0.2431576889,-0.1140072796,-0.1338022254,0.04768524505,-0.06446841536,-0.4134076762,-0.7893630111,-0.2128721127,0.08964064184,-0.2309272121,-0.4952190963,-0.6180675867,1.355931701,0.5987710192,-0.0259885791,-1.053193821,-0.8097641829,0.5722932159,0.3244013225,0.1108472253,-1.018578503,-0.1207339552,0.2888910273,0.2543736855,-0.1779744681,-0.8126712074,-0.1946291852,-0.1641368542,-0.04696065969,-0.6350090987,-0.05966748613,0.1386239406,0.2598955365,0.8164334492,-0.1491845632,0.1207627442,-0.7199994131,-0.08476139265,1.129176294,-0.5174316166,-0.6104351742,-0.6225510525,1.425691866,-0.4195329947,0.1255140833,-0.3909962864,0.5822411086,1.88125062,-1.402065788,-0.8440272766,-0.4296725334,0.001274463321,0.3515616432,0.3274486624,-0.4539023712,-0.7053924948,1.589253381
-0.5948774516,0.102635083,0.7518254662,-0.5841996635,-0.4755450012,-0.8294331542,-0.02812471543,0.7750363959,-0.1645018379,-0.6240777211,-0.4668453748,-0.3591176099,0.8059407496,-0.4019674547,-0.5657649896,-0.7304848252,-0.02663318039,0.4043725033,-0.3073533085,-0.7351388011,-0.5469572289,-0.2063229875,0.5522370702,-0.3690170546,-0.6311584861,0.2481819888,-1.015524294,0.6477787119,-0.1419500947,-0.7502599946,-0.1927566572,-1.556108654,0.4001293673,-0.5169253096,-0.3105604807,-0.2724290467,-0.934312126,0.4468336719,-0.9210618508,-0.8032494691,-0.7245242829,0.5063719396,0.6710636567,-0.3831823674,-0.4522364653,0.05760488975,-0.4347933581,0.3552773888,-1.327007459,-0.9582232192,0.6556723567,-0.3881724153,0.7976249272,0.2386786304,-0.2009094008,-0.5479691838,0.4637224174,1.506672574,-0.4686641883,0.03714993227,-1.184002565,1.057698918,1.729042368,-1.071724347,1.025272178,-1.568929762,0.9589645863,2.017908871,-0.9780364409,-0.7502589747
-0.01583242052,-0.5772883308,0,-0.3132020665,-0.2746406214,0.506323714,-0.7499308851,0,-0.07959462541,0.2353946831,0.6691994908,-0.9364864044,0,-0.4008706162,0.2392034726,0.5537581186,-1.093674925,0,0.1696688744,0.29526616,0.1168663551,-0.9761972493,0,0.192879202,0.3607645083,0.09569860051,-0.6673883084,0,-0.4638716872,0.1332074539,-0.164400161,-1.84910836,0,-0.8587681229,-0.27825399,-0.2819123782,-0.6539576788,0,0.09527101464,-0.1232266429,0.6888779052,-1.515160674,0,-0.2094084367,0.4308755695,1.426213492,-2.409695529,0,-0.6147704356,0.1779865048,0.3083257468,-1.011228117,0,-0.2444293241,-0.03830302264,0.7241579938,-1.231202322,0,-0.96156847,-0.3968453435,0.4893705462,-1.503313443,0,-0.5976892433,-0.3624221299,2.363993585,-1.174420332,0,-1.574637637,0.8242402337
-0.01697650646,-0.2496214015,-0.47850042,-0.6495219152,0.03980525806,-0.06437432846,0.148770378,-0.7406955873,-0.1531273313,0.9039901501,0.4995722032,0.1632554896,-0.7609463588,0.2266615651,1.911679589,0.1198970027,0.1654313049,-0.4152451601,-0.1902153726,1.537421525,0.4540639026,-0.1799877062,0.2485638561,-0.26818772,0.8901353409,0.01854118148,-0.1808287809,-0.2346832121,-0.3567850278,1.14827676,0.6305698445,-0.1134913927,-0.6062860654,0.05569646479,0.6085607585,0.2736017134,-0.1284521841,-0.559422739,0.03960972752,0.09285477283,0.4664738008,-0.3065621657,-0.5454447799,0.4657236927,1.398971189,0.6196705322,-0.02937045772,-0.3323030053,1.344676952,1.436028234,0.4927910119,0.5488248514,-0.8450127399,0.3021322374,2.182809117,0.8551868644,0.01629742235,-1.272392491,0.2819097828,1.484487405,0.4218441376,-0.3420379545,-0.5774483298,0.7143965108,1.179946406,0.4334272668,-0.4448873959,-2.232043445,-0.4615587518,1.806861609
0.08170899295,0.2219452257,0,0.5401261734,-0.2353064977,0.3395870399,-0.08460262561,0,0.01290359761,-0.3932492987,0.8334273433,0.3933741674,0,-0.01587095413,0.2485804062,0.3717339755,0.3806671034,0,0.3634729079,0.2057919776,0.2016569035,0.3888936004,0,-0.2035857654,0.242725893,0.6142986523,0.3815967585,0,-0.4041647813,0.2843108288,0.5180344423,0.3921730616,0,-0.6857330017,0.1616362093,0.4071023463,0.2761233441,0,-0.1892646049,0.3026145907,0.2727079111,0.3136496431,0,-0.3551480281,0.7829743146,0.5146571583,0.256516887,0,-0.8590425788,1.392294079,1.201722995,1.137145577,0,0.5033682914,0.05065651019,0.5011149882,-0.1702709595,0,-0.5100911882,0.4760348835,-0.4307371591,0.2490596856,0,-0.8116979684,0.957824641,0.5855999812,0.7251061201,0,-1.470892936,0.000358522404
-0.1043456419,0.5684910257,0,0.2250711567,-0.269089146,0.8607888741,0.4146125627,0,0.1944696685,-0.07473107661,0.8110524906,0.7156099005,0,-0.009218214281,-0.2301575163,0.08620954529,0.5114592764,0,-0.2739349976,-0.08471975115,-0.8475000046,0.169165389,0,-0.2907069757,-0.6609737629,-0.3827165347,0.02911768511,0,-0.1178098544,-0.5579590831,0.1312097674,0.2247449557,0,0.3412849558,-0.3478681584,0.2434230625,0.1790395256,0,0.2620179355,-0.05534140788,-0.5642755989,0.8542378082,0,0.1840496641,-0.605349084,1.976179141,0.4485193971,0,-0.07362106749,-0.5510834996,0.3680169288,0.6339867146,0,1.154538734,-0.009104208454,0.7467157793,1.069880285,0,0.1869599173,0.819185012,0.3594577733,1.308181716,0,-0.1305955095,0.6184105916,0.7706698701,1.0036547,0,0.04616739228,-0.03905155137
0.2341161471,0.2811392889,-0.3505014895,-0.4821374699,0.3759712061,-0.08752869815,-0.4107868688,-0.1364791724,-0.6184652049,-0.00325052147,0.2294301869,-0.2603101663,-0.3893128031,-0.49822562,0.5384427956,0.3771020617,-0.1134023215,-0.2100882661,-0.4279265409,1.046219479,0.3600120876,0.3616933625,0.2385287019,-0.06194473198,1.251241495,0.7072647489,0.2760642647,0.4109538914,-0.3340188091,-0.05130178951,0.43700709,0.1606356134,0.1942486238,-0.490970042,-0.01708474625,0.3540686333,-0.06620786331,0.2724713755,-0.5572088641,0.2669323848,0.4364242918,-0.02637986693,0.3787366715,-0.7694658415,0.533852169,1.149463537,0.2844722705,0.1234756827,-0.8059269208,0.4854782361,-0.4288519371,0.1188719197,0.009156821539,0.1078169851,-0.5344052642,0.8116744033,-1.112036958,0.116876476,-1.807307572,-0.0647510056,0.7721365669,-0.1528550152,0.09658172514,-0.8933145574,0.6879110121,0.970470503,-0.6309570745,-0.6304214224,-0.8625687808,0.4706145152
0.06905554396,1.784067265,0,-0.1183358565,-0.2941500651,-0.2672687654,1.841820768,0,0.5251585863,-0.1128713111,0.1801714031,1.048572449,0,0.2325875519,0.3814151717,0.0398358412,0.4529377794,0,-0.2880934411,-0.5671331033,0.429475025,-0.7256377843,0,-0.1106132275,-0.6375809403,0.2420699558,0.756771227,0,0.2122970775,0.4237625857,-0.05939209356,2.144372645,0,0.2245966591,0.2130423506,0.376685785,1.967377599,0,0.01422319462,0.6111471962,0.6501273463,-0.002103426863,0,-0.08094965384,-0.6240258597,-0.01716438011,3.433253126,0,-0.4149677875,0.1574096528,0.5723020263,1.388326698,0,0.1453667797,-0.2912394803,0.9163810409,1.267619849,0,0.5713753934,-0.6559078761,1.246274032,-0.7875443271,0,0.1950572705,-0.474805403,1.889101148,0.1881818548,0,1.134370741,-0.491775156
-0.0890176358,-0.6178458278,0,-0.5169087034,-0.6618111473,0.4138995517,-0.3261039998,0,-0.5557925018,-0.4136186793,0.2713916276,0.09426097924,0,-0.5315538634,-1.106494548,0.3149161794,-0.1822405993,0,-0.9965283077,-0.7332386137,0.2876820543,0.02035437589,0,-1.051642283,-0.4300188212,0.1173098681,0.2505274919,0,-0.3171245402,-0.4199809369,0.206223289,-0.1264065146,0,-0.5214733571,-1.011093357,0.03715716237,-0.4574757235,0,-0.7699469768,-0.6438602443,-0.1193892689,-0.193822614,0,-0.6489924549,-0.7234728719,-0.2666876612,0.05464386144,0,-0.7464823573,-0.2876235898,0.03864828773,-0.4176682786,0,-0.7993992795,-1.494503278,0.2499466586,0.445373479,0,-0.8566439024,-1.406754266,-0.1985568202,0.9798075727,0,0.06550224764,-2.096650226,0.2385098189,1.005150422,0,-0.8861986548,-1.645077258
-0.2239905866,-0.2379933486,0,0.369447434,0,-0.04934876963,0.04025595316,0,0.1609943838,0,0.01741585605,0.321183668,0,0.08656823034,0,-0.4202144789,-1.209871011,0,-0.8254194753,0,-0.2228494384,-0.7743897539,0,-0.7345518841,0,-0.09794807696,-0.3900137244,0,-0.4682451559,0,-0.04805767972,0.5053709338,0,-0.20558356,0,-0.2272982555,-0.03129529141,0,-0.3139274592,0,-0.2514272219,-0.1943357241,0,-0.232465676,0,-0.4713713215,-0.2214477329,0,-0.3775826488,0,0.7780512199,1.213492583,0,-0.1901958188,0,0.08257249403,0.1168881697,0,0.1438114111,0,-0.4966864586,-2.219445978,0,0.8883280605,0,-0.6419030493,0.6268668026,0,-0.6361556686,0
