-0.063339607,0.005618701,0.070126625,0.000374973,0.082438607,-0.098252209,-0.171241697,-0.115860687,0.020342381,0.105339189,-0.004599649,-0.039205499,0.015872805,-0.123610283,-2.218110413,0.061339614,-0.099395008,0,0.144672085,-1.921451012,-0.59954565,-0.204558936,0,0.203392873,-1.927750061,-1.39363058,-0.511385636,0,-0.336184088,-1.587426424,-0.783902786,-0.701178897,0,0.079514997,-1.120313433,-0.962378005,-0.388782397,0,-0.251356722,-0.605848677,-0.076422916,-0.486833031,0,0.496420935,-1.711984114,1.07083987,-0.034322109,0,-0.042195034,0.426595154,-1.221351535,0.167248564,0,-0.76204514,-2.620276912,-1.314659664,0.167535509,0,0.458667264,-1.667557129,0.028226185,0.030807874,0,1.981128446,-2.244928232,-0.549626,0.392951578,0,1.465532443,-2.576797247
-0.121909651,-0.463032037,-0.594178803,-0.283419962,-0.423119577,-0.599915085,-0.331100769,-0.279990904,-0.53784158,-0.133080692,-0.858722958,-0.478008818,-0.0073792,-0.406983234,2.209751169,0.185411601,0.493550269,-0.036632103,0.484136789,1.529752081,-0.221024365,0.585824962,0.420955996,-0.014992191,0.942690097,-0.025301406,0.457248381,0.128000758,0.067094111,1.073716901,0.268136813,0.147169998,-0.053726268,-0.277137701,1.367375892,0.362407441,0.397395243,0.366925826,-0.13049866,1.010139027,-0.267699477,0.805007797,0.332141444,0.357369714,0.13935946,0.34093621,1.341744309,-0.634555437,0.549150382,2.484724124,0.085067666,1.010110316,1.252013591,0.932695526,1.990968494,-1.106923467,1.595223316,-0.276532488,-0.622140309,0.287825578,-1.578849052,0.231193402,-0.479180559,-0.037284515,0.011805778,-1.367635727,1.866295516,-0.271726247,-1.178698212,-0.152307555
-0.045824389,0.134064024,0.430793004,0.214424246,0.134173372,0.071190644,0.095871615,0.163669985,-0.119280518,0.712925163,0.179189626,-0.066781175,-0.414027438,-0.06667697,0.416543517,0.228521124,-0.06580701,-0.314257183,0,0.994049903,0.166764974,0.383118275,-0.239116291,0,0.966190637,0.962998784,0.05146176,-0.194757924,0,0.47056377,0.806711781,0.161398992,-0.171895152,0,0.209319073,0.554489738,-0.105614488,0.015285336,0,-0.377362861,0.332988379,0.246029883,-0.730228363,0,0.843347903,-0.448544324,0.697585664,0.196103582,0,1.101060358,1.121783989,0.132526708,0.890924274,0,-0.364383447,0.298890545,-0.446223063,1.000800739,0,0.685063895,0.32418172,1.074814294,0.191391613,0,0.170240126,-1.05649405,0.53958768,0.809748307,0,0.458161732
0.079834165,-0.030615445,0.080349094,-0.216399676,-0.164431883,-0.100729576,-0.226005715,-0.107365195,0.233556273,-0.125526379,0.016963571,-0.245969287,-0.21830422,0.018413178,0.041952294,-0.124055028,-0.196801223,0.150756212,0.868417316,0.352329802,-0.324160017,-0.410383977,0.021896683,0.859496813,-0.134092975,-0.546356908,0.030807353,-0.297108415,0.790353373,-0.315294646,-0.619385812,-0.052730428,-0.44499691,0.419959671,-0.466473562,-0.066788746,-0.382069466,-0.533620185,0.168100872,-0.67920955,-0.015171541,-0.94577128,0.554834347,0.466166091,0.308455589,-0.024667677,0.133846019,0.317908969,0.779809242,-0.404672609,-0.525501979,-0.960432853,-0.100029553,1.128571337,-0.004917122,-0.481642182,0.428039374,-0.396718899,0.294583494,-0.618971541,-1.366933942,-1.010116688,0.694204107,0.111058285,-0.226033624,-1.430978309,0.049871787,1.116838913,0.73470974,0.879740857
0.120288413,0.179895946,0.030171364,0.159214567,0.131576983,0.158346472,0.073738345,0.02896457,0.174373615,0.33913502,0.30980128,-0.047457469,-0.033072042,0.04033887,0.366065694,0.178786577,-0.71431075,-0.929535323,0.318532935,0.090415163,0.888735326,-0.531110593,-1.059269003,0.270046738,0.341834488,1.270193949,-0.48693778,-0.867715347,0.47137686,0.430720378,1.021710268,0.094371001,-0.84462975,0.185069594,0.472224967,0.512404584,0.787511572,-0.920453612,0.534439692,0.279115708,0.102894849,-0.446665866,-1.042816228,0.346483364,-0.187816912,0.049598214,0.586879523,-1.142579684,0.937252899,0.114758274,0.917915816,-1.663777243,-1.357301935,-0.89004493,0.341299767,1.044750212,-0.874757801,-0.886172824,0.113127133,1.156962886,-0.8448598,-2.951452357,-0.717848195,0.311274488,-0.077393976,1.645357743,-0.995908268,-0.882718008,0.383217232,0.72671802
0.138184958,-0.038006981,-0.030096002,0.111726773,0.097819106,-0.035761678,0.22919954,-0.030874217,-0.132588735,-0.296159414,0.120041635,0.561452812,0.345871579,0.239894302,-0.568508605,-0.408667397,-0.359899973,-0.030571633,-0.813288197,-0.335051546,-1.277511132,-0.051233711,-0.399008341,-0.554828732,0.030480451,-0.907526287,-0.672025913,-0.069929245,-0.431049866,-0.442284474,-0.745512249,-0.954648903,-0.17209086,-0.547383241,-0.731565812,-0.481425868,-0.608119227,0.08819794,-0.337523254,-0.42254996,-0.343712444,-0.515341004,-0.437103122,-0.850092809,-0.318074866,-0.54946714,-1.299110269,-0.596574449,-0.840362816,-1.12848453,-1.95223914,-1.386544934,-0.277465884,-0.842154899,-0.153122066,-1.396634326,-1.064278971,-0.446958043,-0.944752736,-1.645833972,-0.404729182,-0.228518529,-0.373121819,-1.411161377,-0.598459003,-0.856193952,-1.445581086,0.296040729,-1.647554547,-1.556204706
-0.25812747,-0.310472721,-0.326009556,-0.218130856,-0.369996483,-0.235537382,-0.102069855,-0.060795019,-0.269114984,-0.637836294,-0.176680982,-0.461860767,-0.537065665,-0.443221065,0.261181164,0.11525048,0.140914646,0.465309445,-0.863690721,0.212455142,0.064174725,0.188164545,-0.260313037,-1.16879427,0.392995589,-0.406112327,0.152145048,0.411683398,-0.706170448,-0.213146846,-0.257581751,-0.259432263,-0.162352624,-1.166476469,-0.05786743,-0.151939613,-0.008270994,0.315592061,-0.350106319,-0.125925224,-0.280768069,0.014169414,0.229834361,-0.624896905,0.006978714,0.213372348,0.023792861,-0.27420266,-2.007383056,-0.534687416,-0.9121859,0.301728036,0.069337016,1.810886632,0.787761329,0.501653601,0.357059649,0.136448174,0.481860449,-0.355202544,0.977117249,0.425563323,0.283492237,0.668129724,0.155461717,1.073481247,0.001117668,-0.410263233,0.138084503,-0.843539417
-0.201730306,-0.339689211,-0.37334272,-0.500128804,-0.483294822,-0.326657658,-0.28207584,-0.351158102,-0.123834517,-1.328979235,0.031684692,-0.627537356,0.117581265,-0.930306753,1.475594625,0.157765182,0.422038873,0.734884234,-0.89046917,1.305301216,-0.201802256,0.398486058,0.419619779,-0.904540861,1.120720119,-0.141741687,-0.697735974,0.014028329,-1.346491731,1.451764412,-0.439627297,-0.609714846,-0.000471006,-1.8156107,0.619942615,-0.409497013,-0.291548627,0.241051,-1.179384953,0.518109631,0.020093003,-0.133755295,0.969873632,-0.727910893,0.951333021,-0.31068824,-0.422389208,-0.037389864,-1.975005819,0.750309787,-0.521523419,-0.840899765,1.728846007,-1.336809879,1.196724416,-0.287585946,-0.877364421,0.814897883,-1.778655149,0.282985177,0.046298251,-0.164164363,-0.352064639,-0.185951935,0.663489798,-1.03456571,-0.313484836,2.060345069,-1.843092918,0.258191422
-0.170518304,-0.314272155,-0.073678214,0.156770921,0.282132767,0.161796153,-0.238511593,-0.476549445,-0.110252404,-0.000522853,0.006240621,-0.248457726,-0.156832553,0.153520782,0.076811407,-0.633437022,0.051349471,-0.844922802,-0.230970021,0.358126279,-0.184812067,0.53805817,-0.567816419,0.286775981,0.490712097,0.066753029,-0.020860339,-0.351351122,0.693694905,0.391994151,0.292234311,0.057450168,-0.449717315,0.100751344,-0.074272674,0.229118621,0.154000196,-0.303577226,0.40222271,-0.460032702,0.213710972,0.721235005,0.106204613,0.74590822,0.000430348,0.550008139,-1.015780011,-0.578121253,-0.03758259,-0.219065021,-0.173328306,0.196914066,0.223044252,1.233524554,1.029532019,0.973220029,0.305446645,-0.148592073,0.241082629,0.520163574,1.174767256,-0.591346673,0.014489014,0.175016148,0.923993277,0.758204754,0.912635848,-0.687501183,0.276480805,1.092308595
0.343368827,0.414991367,-0.159100958,-0.053069796,0.352725314,0.097605556,0.064280368,0.006180267,0.138232301,-0.304047364,-0.394396515,-0.113671886,-0.23551083,-0.150481313,-0.470336403,-0.051805331,0.168648153,0.003261323,0.086108734,0.319378591,-0.141895389,0.492891185,-0.080338105,0.469647185,-0.183984889,-0.091200485,0.24612238,-0.05693689,-0.582933642,-0.169146445,-0.38918247,-0.08648147,-0.389974071,-1.194216044,-0.386534536,-0.526422949,-0.178068709,0.239096484,-0.891522381,-0.273777893,-0.311067136,0.067753946,0.26452146,-0.186091669,-0.745783276,-0.74588966,-0.548749108,-0.166486896,-1.086706476,-0.394307558,0.78510936,0.603955475,-0.009669631,-0.446412421,-0.780825758,1.484085263,0.274008936,-0.426604926,-0.023626471,1.038638121,0.199809651,0.549622224,-0.637967676,-0.685159075,-0.602662358,0.376526702,0.510333739,0.537598791,0.351681475,0.53502664
-0.110522642,-0.277430209,-0.395556758,0.025871993,-0.094909541,0.066742547,0.017287303,-0.286098277,-0.180563553,-0.190937217,-0.317690417,-0.146161272,0.123594402,-0.752012109,0.245839159,-0.116395312,0.389418902,-0.061735741,0.133577574,0.07197831,-0.526289874,-0.204102272,0.335630636,0.195769839,-0.11474128,-0.73930293,0.864719417,-0.249068101,-0.103322132,0.210800619,-0.791271788,0.304633707,-0.426767606,0.263544558,0.894445806,-0.501184657,0.216999916,-0.56342479,-0.123024775,0.260145119,-0.302423653,0.615413821,-0.15046043,-0.136002435,-0.199564196,0.367853119,1.046269609,-0.332083669,-0.419361361,0.02402555,-0.912913107,0.953776899,-0.592745825,-0.518137075,-0.528655546,-1.05581259,1.432869548,-0.198891874,0.010762481,0.101120085,-1.451940238,0.589099962,-0.580318517,0.194790229,0.337608687,-0.277906105,1.508602157,-0.577268414,-0.112446152,0.935780644
0.195298114,0.053765508,0.149267447,0.380173471,0.472791685,0.261169972,0.179031932,0.121502504,0.490339421,0.039676075,0.214302022,0.443830497,0.571082371,0.541815057,-0.335133254,-0.220615909,0.468422098,0.149019444,-0.372735898,-0.201595366,0.209844719,0.333049283,-0.055617652,-0.753673558,-0.087799574,-0.064972073,0.693109286,0.381697087,-0.777400956,-0.711372687,-0.111540815,-0.160295304,0.747118019,-0.58846902,-0.47598902,-0.761911948,-0.13023842,0.640427477,-0.287297983,-0.042602842,0.047716882,0.136008531,0.297575944,-0.314033395,0.131821561,0.573465019,0.297337052,0.164062353,-0.800500224,-0.311802238,-1.096125328,1.021714958,0.001645672,-0.378051439,-0.476713512,-1.03148435,0.62921431,0.053979003,0.078512224,-0.880846263,0.376376927,-0.193136937,0.061919475,0.887753061,0.534892658,-1.35336569,0.953745142,-0.271800993,-0.624748056,0.153716535
-0.044928728,-0.367419987,-0.319129259,-0.264016208,-0.045789884,0.048853355,-0.545025218,-0.349076289,-0.166791485,-0.469409828,-0.539936449,-0.074943641,-0.042349153,-0.145966857,-0.211281921,0.435215938,0.547685334,0.050505482,-0.374610644,-0.353477567,0.265274119,0.527586273,-0.411478366,-0.888018811,-0.184262813,-0.010996821,-0.005488084,0.200865826,-0.777414368,0.457017498,0.04565336,0.278470615,0.862571779,-0.293287033,0.435065541,-0.27804579,0.252547446,0.53806535,-0.385953606,0.541532517,-0.293446582,0.120010692,0.323880394,-0.792067866,0.146438742,0.094043067,0.998834451,0.656241196,-0.530227832,1.258420351,0.356229953,-1.145831302,-0.174147834,-1.048833887,0.465095346,-0.454733769,-1.715175346,-0.867971816,-1.168868598,-0.324457644,-0.387526393,-1.056701639,-0.35400612,-3.128421494,-0.113062668,-0.303563811,-0.979173154,0.100710124,-2.496060371,0.824733589
-0.01604556,-0.345385393,-0.491626065,-0.537806787,-0.604453598,-0.212074646,-0.203534275,-0.297021828,-0.300539855,0.153459696,-0.782004464,-0.662640597,-0.827749265,-0.664111436,-0.400248575,-0.148758581,-0.836800847,0.148352679,-0.664081313,0.089146325,0.209298,-0.680263004,0.308163772,-0.430839726,0.458556851,0.71777223,-0.925631021,0.106068565,0.101383969,-0.301481715,0.515199714,-0.658323396,0.190001053,0.48843915,0.187200849,0.52831729,-0.216033314,-0.152661397,0.115346161,0.274796509,0.264901011,-0.110107079,-0.151972495,-0.764258656,0.185390361,0.771850603,-0.184815256,-0.468665628,-0.426265453,-0.208231509,1.654747081,-1.232135892,0.058264416,0.161740857,0.054639836,0.381216395,-1.49080808,0.419048041,-0.179729495,-0.98468267,0.070212011,-1.345533822,-1.371676683,-0.378889816,-0.755318227,-0.167952269,0.736592792,-0.155124046,-1.003890656,0.537010748
-0.073890166,-0.240238342,-0.185096708,-0.33656896,-0.188656239,-0.26948986,-0.220661681,-0.198766262,0.094564826,-0.377135235,0.2480327,-0.0171326,-0.14584931,-0.264596649,0.463556931,0.336454125,-0.229838472,0.008278806,0.160559298,0.515244114,0.263058385,-0.136724107,-0.515806822,0.059458468,0.241231182,0.231034074,-0.225731518,-0.229222473,0.574338163,0.04428969,0.004790984,-0.235243806,-0.437316963,-0.303341745,-0.021776295,0.383404328,-0.494820758,-0.383596705,0.295492842,0.130085802,0.362307176,-0.369549763,-0.239124197,0.924049009,0.460928657,0.535941296,-1.110958462,0.005847646,-0.011139491,-0.207392908,-0.51358765,-0.337439678,-1.000954316,0.612137558,1.438514275,-0.939504319,-0.391463959,-0.347879987,2.016417397,1.92656126,-0.685674386,-0.214827985,0.25216818,2.589464818,1.025471085,-1.775226831,-1.460753292,0.970301561,1.146467905,2.045486823
-0.233444976,-0.160733167,-0.319654727,-0.202775061,-0.1603868,0.037944619,-0.273199413,-0.22654307,-0.288425801,-0.398326547,-0.368535639,-0.552367499,0.141505346,-0.556749368,0,0.551781043,0.16713232,0.220217169,0.253653712,0,0.138079444,-0.10441305,-0.062825448,-0.283710156,0,-0.04794228,0.112332081,0.229298995,0.620207646,0,-0.227293944,0.203765057,-0.263550218,1.365829145,0,0.17124894,0.338913331,-0.4972145,1.108891303,0,0.298016053,0.009766898,-0.026734132,0.015105626,0,0.266121233,0.099551016,-0.320123255,1.291568854,0,-0.121121541,0.612200567,-1.117024807,0.13070503,0,0.275335153,-0.530635469,-1.730188821,1.378368316,0,0.73825583,0.044028411,-1.746219209,0.573244342,0,0.925521106,0.789324366,-0.779069707,1.470305978,0
0.259603403,0.369123334,0.381172601,-0.077659556,0.154867802,0.244407801,0.136669643,0.239486251,-0.0716531,-0.064756739,0.445513753,0.356222946,0.321202236,-0.019264698,0,0.261568319,-0.028016653,0.420399487,-0.583738091,0,0.333185384,0.025620779,-0.226943235,0.185116533,0,-0.183096134,-0.022276122,0.090537695,-0.115479472,0,-0.573274325,-0.255112011,-0.122664713,-0.333723332,0,-0.129712709,0.364509959,-0.018537473,-0.235220751,0,0.318603667,-0.262268624,0.030998165,-0.324341296,0,-0.228438007,-0.134379619,-0.28629456,0.357098583,0,-1.252733357,-0.79123387,0.492058904,-0.696137653,0,0.105054019,-0.660659226,-0.512771398,-1.142991568,0,0.694761102,-0.101023316,-0.649126439,0.109853987,0,0.199360348,-1.004673738,-0.084621649,-0.77055236,0
0.106544489,-0.318532964,-0.129381961,0.312747643,0.612616692,0.220223531,0.015825938,0.066138658,0.113960682,-0.201346579,-0.270130227,0.082581148,0.072678806,-0.294957232,-0.075442164,-0.005056718,-0.358003824,0.111963588,-0.248994922,0.319776801,0.02136066,-0.348822045,0.010420174,0.184730869,0.451781224,0.521252333,0.387170775,-0.467204783,-0.402897228,-0.124345568,0.402644446,-0.312982321,-0.091112048,-0.893559938,-0.365807478,0.071621461,-0.19368459,-0.1450342,-0.816436714,-0.162575293,-0.037532199,-0.136668672,0.103830541,-0.729782086,0.391441525,0.374170092,-0.016985212,-0.278746432,-1.254958129,-0.943296644,1.22766921,1.188928923,0.29193305,0.478293405,0.278599843,0.214732999,0.238603849,0.909156747,-0.263895112,-0.459339324,-0.22160682,0.140304634,0.548960027,-0.631593304,0.151820634,-0.139785279,0.32250027,1.549931616,0.350167716,1.362558007
-0.273297457,-0.481447946,-0.3499867,0.030968809,0.23064006,-0.004200954,-0.291739735,-0.452363761,-0.269326496,-0.314153933,-0.181337503,-0.11973348,-0.194183469,-0.374592019,-0.100990834,-0.409119395,0.103661996,0.356290284,0.464081177,-0.082412115,-0.31039799,0.062295588,0.293766495,0.651186895,-0.459536706,0.428777425,-0.071930211,-1.378912189,0.026426776,0.435042519,-0.332266347,0.114142965,-1.090576199,-0.074731701,0.337453071,-0.083958363,0.12309803,-0.170462294,-0.375180664,0.315254066,0.535667256,-0.398146166,0.213281694,0.305074619,-0.098338275,-1.142065884,0.942840316,-0.889719921,-0.12708751,-1.233784187,0.52614278,-0.125134802,-0.94792283,0.341425526,-0.416035432,0.669822844,-0.571915519,-1.034580476,-0.24636488,-0.196147318,0.764771955,-0.12835232,-0.9976576,0.348929196,-1.087391789,0.437240392,-0.004341699,-0.88334918,0.080312539,0.050702602
0.148125827,0.296599719,0.224966573,0.128383273,-0.072321381,0.043607016,-0.00161901,0.229936857,0.340102103,0.178779231,0.405746998,0.206281817,-0.046750589,0.112917936,0.24909714,0.225913386,0.197430703,0.284975936,0,0.46634742,0.020287275,-0.064013794,0.099473511,0,0.51189935,0.384719637,-0.081298064,0.219708904,0,-0.091282307,-0.048419242,-0.00983862,0.374378797,0,-0.215013406,-0.048988848,-0.001895758,0.312776355,0,0.276474396,0.178295221,-0.15519254,0.523262998,0,0.265368506,-0.613658829,0.001419674,1.041912858,0,1.416603682,-0.200266791,0.376047704,1.107558998,0,1.061093937,-0.651543044,-1.11063382,0.867366105,0,-0.469364631,-0.629459752,-1.169343182,-0.13673227,0,0.153934942,0.467839398,-0.787480258,1.166222818,0,0.260947965
-0.236619758,-0.207833564,-0.19673186,-0.002759369,-0.0775442,-0.313807623,-0.317967813,-0.009645556,-0.138532447,-0.407483651,-0.142192407,-0.07364734,-0.110512143,-0.262627977,0.112254042,-1.179012116,0,0.772407766,0,0.041390304,-1.050476987,0,1.10220204,0,-0.157552048,-1.277792797,0,1.456963745,0,0.06978321,-1.26399755,0,0.808712268,0,0.061869136,-1.109851507,0,0.939295721,0,-0.133793161,-1.022279459,0,0.752455732,0,-0.163083033,-0.112838727,0,0.086445632,0,-0.243036443,-1.508344969,0,0.710870641,0,0.837425563,-1.563019118,0,0.615600765,0,-0.117096729,-1.662761637,0,0.106642238,0,-1.015066445,-1.60844779,0,1.11689038,0,0.377855951
-0.181579232,-0.416629393,-0.16326549,-0.116431357,-0.347917422,-0.208518154,-0.042834541,-0.125073897,-0.052971559,-0.100726217,-0.316574668,-0.189615241,-0.379205511,-0.467084734,-0.771916585,-0.088228761,-0.343089703,0.301802843,0.018457608,0.390952138,-0.212293097,-0.298482272,-0.110867136,-0.379154773,0.181750358,-0.247130828,-0.294662553,-0.05112395,-0.825266659,-0.666469741,-0.061542863,-0.183216149,-0.493026621,-0.993440736,-1.135860929,0.112248433,-0.07172614,0.187126797,-0.477621088,-0.305894533,0.684963208,-0.118288467,-0.29382758,-0.042219471,-0.434135317,1.111064826,0.019820312,-0.546932406,0.463763553,0.556054827,0.672214045,-0.220369066,-0.519496935,-1.055868696,-1.106762343,0.519297932,-1.561685347,0.473863223,-0.028148634,-0.071163059,0.368148484,-1.375018624,-0.353389617,-0.461266737,0.395020421,-1.040517986,0.219080918,-0.326606479,0.535222869,0.840199079
0.206346456,0.210450318,0.084635765,-0.037556421,-0.026089952,0.013281049,-0.067033445,0.125623908,-0.010733657,0.131040473,0.026673185,0.088928947,0.044861428,0.260451467,0.390633006,-0.023285977,-0.066854013,-0.798935288,-0.603997786,0.785174882,0.003986894,-0.356831741,-0.789017728,-0.32280524,0.396323686,-0.081630361,0.505004978,-0.499899182,0.03875333,-0.041588949,0.016067994,0.308242362,-0.27689091,-0.162666552,0.068099478,0.095196037,-0.133849298,-0.114257488,0.03327268,0.290720536,-0.136752861,-0.491359386,-0.237680108,-0.533296612,0.299694226,0.220426926,0.058803635,-0.846699075,-0.758086546,0.534470607,0.292378568,0.641530246,0.236221035,0.061267892,0.474610431,0.102239732,0.871966399,-0.009607763,-0.253590876,0.14445032,-0.730707252,-0.415533685,-0.653551634,-0.530815667,0.785569974,-1.162667304,-0.210738272,-0.882799691,-1.06595017,0.073755529
0.162770831,0.195838807,0.31620725,0.155301135,0.331563624,0.294321797,0.299128838,0.266338372,0.083858312,0.618752756,0.644921101,0.252992172,0.209785422,-0.292465407,0.329893564,0,0,0.357447857,-0.761712617,0.1458333,0,0,-0.794233871,-0.031389655,-0.495033706,0,0,-1.510129678,0.354264659,-0.36767988,0,0,-0.651096902,0.379414782,-0.239227986,0,0,-0.433486029,0.482010503,0.292396459,0,0,-0.848341704,0.085840819,0.237390743,0,0,-0.552454903,0.488218886,0.871166397,0,0,-0.723450865,-0.057679149,-0.056186975,0,0,-0.680016808,-0.34824714,-0.491376051,0,0,-0.829452668,0.34637893,0.581152207,0,0,0.104612321,-1.298290983,0.619607482
0.260697412,0.068039633,0.031002562,-0.255926111,0.003724665,0.351856776,0.258881624,0.381620272,0.466379814,0.163346529,0.048137511,0.407290062,0.797036309,0.116866737,-0.038188073,0.915673271,-0.601909817,-0.640839233,0,0.516907565,0.456963708,-0.408136393,-0.94653006,0,0.473991777,0.375079199,-0.198895039,-0.3945028,0,-0.063119688,0.190274028,0.083092887,-0.076408936,0,0.320263793,-0.028817021,-0.063732587,0.287844925,0,-0.063520015,0.857060199,-0.321724091,0.143063742,0,-0.426286205,0.579416697,0.056290226,-0.431532942,0,-0.290657466,0.166740533,-0.420791393,-0.005251614,0,0.059484093,0.519927734,-0.245327598,-0.472378625,0,-0.127434081,-0.062352249,-0.500298968,-1.187512525,0,0.636538767,0.583890744,-0.280085348,-0.446469978,0,-0.838704512
0.288605475,-0.060432049,-0.151778207,-0.127890993,-0.128795819,-0.159032574,-0.046152751,-0.141246595,0.058017102,0.033391848,-0.27325288,-0.180771343,-0.169277586,-0.016774904,-0.614547326,0.568965614,0.160846054,0.329836368,1.558606095,0.430189842,0.963525381,0.214139468,0.142943095,1.644538869,0.489383144,-0.12644721,0.009702079,0.338312631,1.240643673,-0.58806649,-0.987601194,-0.272480354,0.007661942,0.758791772,-0.734587834,-0.410209686,0.278856324,0.057419195,0.972677685,-0.079198679,0.048883526,0.064965805,0.073868482,0.893335854,-0.222658671,0.16293899,-0.389733241,-0.5649753,0.097016732,-0.856123687,-0.644182809,-0.694310954,-0.330840708,1.7381126,-0.216035165,0.109475543,0.150631845,-0.493147781,2.30344608,-0.038901222,0.36624207,0.810489484,0.793957957,2.231775403,0.657329857,1.200321242,-0.144712847,1.038005665,2.088988565,-0.450971939
-0.002329392,-0.097562366,-0.108319517,0.334092337,0.487302595,-0.098859854,-0.234367626,-0.119199744,0.045894092,0.033452472,-0.041129466,0.347270188,0.32674935,0.321476944,-0.531724282,0.183308038,-1.082628598,-0.419331157,0.453112958,0.026488115,0.015370776,-1.695819221,-0.283929523,-0.243169185,-0.265547425,-0.382409117,-0.87879238,-0.21167517,-0.132277773,-0.310543607,0.04699039,-0.111645923,-0.291265649,-0.175736786,-0.540700068,0.423327937,-0.369567013,-0.148108799,-0.184476402,-0.538439234,0.210847844,-0.306366663,0.015994971,-0.208263032,-0.23041078,0.458539938,1.728574323,-0.958299702,-0.204585989,-1.061227639,0.371282761,-0.115783956,-0.455343827,0.460081225,-0.092744614,0.504324073,-0.304007983,0.127877677,0.957484678,-0.613061294,0.960456218,-0.031992872,0.178532422,0.957612974,-0.504377381,0.505388871,-0.570778079,1.115774781,-0.780356281,0.648104226
-0.512999878,-0.603158824,-0.484459982,-0.57433622,-0.844795997,-0.888132371,-0.529803144,-0.260021292,-0.466810068,-0.393832549,-0.668617147,-0.977445142,-0.745425755,-0.50725,0.168306397,-0.207871514,-0.004608393,0.193192876,-0.139042884,0.458713961,-0.153178193,0.014664708,0.465732138,0.127686,0.783264159,-0.037534946,-0.674717415,-0.125567103,-0.055300029,0.310518272,0.019348343,-0.735141508,-0.141799249,-0.110954909,0.083133081,0.003782148,-0.395423845,-0.087308791,0.036509145,0.696283957,0.136613145,0.25599457,0.111854749,0.181969896,0.783442779,-0.143665409,-0.116692223,0.373296721,0.018663796,0.294967197,-0.029894642,-0.137337535,-0.315583302,0.248487736,0.513411279,-0.513807289,-0.713966915,-0.686753205,0.322493303,0.131875447,-0.378021784,-0.500236992,-0.834841073,0.166365854,0.427355485,0.360585187,-0.774183101,-0.195065698,1.288991511,1.021209538
0.204951469,0.196737877,0.281123382,0.311341249,0.315525841,0.081099612,0.067091929,0.05371378,0.198610878,0.45815453,0.487225815,-0.038798032,0.166336253,0.09486008,0.076282387,0.010734141,0.153644386,-0.289052073,0.503209414,0.239567813,-0.34457713,0.028009589,-0.356699873,0.602578068,0.744779757,-0.580805166,0.043920398,-0.640220261,0.033341919,0.827128214,0.073019874,-0.554611889,-0.549376184,0.372733829,0.364791406,-0.49007833,-0.342728514,-0.163922455,0.491280528,1.08360587,-0.314017117,-0.373568806,-0.22676922,0.260011786,0.533671962,-0.622714724,-0.567203511,-0.301819648,0.522793962,0.490627361,-0.408066038,0.155657556,-0.287717519,1.325192902,-0.257626136,0.299920531,-0.600228784,-0.178410159,-0.88449488,-0.823034345,0.044082352,-0.241453348,0.160650888,-0.504413526,-1.264563066,0.267722929,0.085833331,-0.72637523,-0.712088794,-0.397466902
0.090440989,0.009250106,-0.039887556,-0.290784153,-0.213008939,-0.195435928,-0.129627812,0.11786445,0.002260562,0.001536486,0.248841619,-0.632311345,-0.355442055,-0.023453879,0.14248645,0.271371868,-0.242403482,0.126671165,0.119418309,-0.474020159,0.049769648,-0.607993569,0.298714975,-0.048745701,-0.276217706,-0.335567258,-0.30368966,0.426739192,0.336001487,-0.346529888,-0.184189512,-0.45276715,0.132340472,0.150849446,-0.115589309,-0.085585235,-0.500655092,0.22414492,0.150166052,-0.520637825,0.189017548,-0.378120997,0.084039648,-0.267718476,-0.659407736,-0.552493544,-0.472844488,-0.429105028,-0.236318719,-0.11779574,-0.335262142,0.038541569,-0.041341554,1.123623269,-0.030240049,-1.135020494,-0.027538263,-1.013953145,-0.869866551,-0.547952967,-0.174644017,-0.315136774,-0.729325221,-1.147896443,-0.927780854,-0.05297352,-0.789399363,-1.264011949,-0.360650176,-0.634177022
0.063033387,0.189729975,0.053098948,-0.000771317,-0.135984266,0.03491714,0.134418871,-0.12770254,-0.251269333,-0.082835547,0.077449787,-0.266668825,-0.005031507,0.326319675,-0.321386297,0.368647996,0.199567256,0.047070288,-0.635139258,-0.145372231,0.606462925,-0.053389715,0.057261196,-0.534075846,0.121262363,-0.017790774,0.122007831,-0.52561888,-0.769398066,-0.184240412,-0.238903933,-0.054503209,-0.328073429,-0.676220774,-0.023256505,-0.005851545,-0.225646947,0.019020086,0.146555268,-0.100046724,1.147202463,0.087724044,0.675947094,-0.301684776,-0.476145477,-0.236505739,1.314589677,-0.040550647,-0.692966982,-0.52544692,0.007086458,0.39601877,-0.752698423,-0.551675434,-0.489519105,1.262589951,-0.112450815,-0.078062395,-0.028205716,0.036411819,0.806323805,0.104002676,-0.119958226,0.189082828,-0.281820704,2.245684654,0.789276131,0.774681069,-0.621505186,-0.664455347
0.317965759,-0.028224363,-0.014075237,0.061574554,-0.350433977,0.149143192,-0.05097813,0.133254666,-0.12976678,-0.266106485,-0.14748443,-0.028963931,-0.2431306,-0.455578917,0.39874934,-0.35130671,-0.374448126,-1.108221547,0,-0.001105566,0.119877039,-0.652114178,-0.935477456,0,-0.058020504,-0.163336295,-0.640231808,-1.09680991,0,0.072809893,0.106838925,-0.152029782,-0.625781508,0,-0.020387337,0.321069395,-0.077893112,-0.176889633,0,-0.29704436,-0.251107376,-0.294649771,-0.775380588,0,0.26341207,0.024714115,-0.561890114,-0.595284727,0,0.283877245,-0.208022089,-0.284954014,-1.104500288,0,-0.729209894,-0.512851283,-0.197548562,-0.514226178,0,0.544798267,-0.292136263,-0.091861052,0.434397921,0,0.442499844,-0.319374275,-0.053120855,-1.014041603,0,0.413774326
-0.287098423,-0.276960157,0.006686001,-0.169451414,-0.352439259,-0.432938363,-0.181132621,-0.070981948,-0.005729711,-0.276865845,-0.223007451,-0.162530216,-0.072481414,-0.018105791,0.048692091,-0.029946105,0.052963389,0.660450673,-0.127557289,-0.285901314,-0.225289697,0.076291636,0.774649211,-0.385805274,-0.611794388,-0.24214776,-0.117759009,0.822714232,-0.036530338,-0.550220787,0.253854719,-0.082868015,0.007043313,-0.229745383,-0.580860792,-0.200775219,-0.002528376,0.387526744,0.001758999,-0.381332104,0.420033806,0.014044212,0.85793303,-0.078308852,-0.242746129,0.092429621,-0.507896169,-0.152557292,0.200680726,-0.155959766,0.571382859,0.035279476,0.364943626,-0.28673034,0.419165557,-0.157897729,-0.76884378,0.242380769,-0.667705193,0.331686635,-0.979255029,-2.064546074,0.653259512,-0.577281995,-0.44300331,-0.427027121,-0.725139573,1.233928569,-0.46432016,-0.379464725
0.178286378,0.336291334,-0.141946706,-0.287813131,-0.322103936,-0.237239231,-0.332114315,-0.108241088,-0.242548761,-0.371985477,0.047336791,-0.053358232,-0.330359897,-0.452472268,0.897304917,-0.092684077,-0.321394741,-0.224013305,-0.571569633,0.934648213,0.015888916,-0.260156226,0.39020127,-0.473029877,1.116861741,-0.655754177,-0.387322009,0.196428232,0.060820506,0.910534346,-0.272530257,0.189693979,0.389651155,0.503680558,0.239136045,-0.382174757,0.088467572,0.106793671,0.031078418,0.629766245,-0.592546648,-0.063091906,0.45101347,-0.272918843,0.72126286,-0.552847647,0.146349934,-0.213228499,-0.814660274,0.141421338,-0.109128962,0.854016876,0.198949415,0.064900381,1.781482052,-0.308759273,0.444205606,-0.05022047,-0.078612826,0.516472156,-0.294252385,-0.20816001,0.132557214,-0.127425033,-0.163419579,-0.915417321,-0.312731981,-0.226486728,-0.967266932,1.850278169
0.15840762,0.192913422,0.130267462,-0.001692405,-0.067196418,-0.18698464,-0.201024621,-0.086222758,-0.180256247,0.017213349,-0.250957217,-0.110269612,-0.211316875,-0.411467723,1.040355268,0.059963477,0.495178594,-0.439581937,0.036065365,0.728391527,-0.162687848,0.699347451,-0.487284875,0.055047913,0.573820493,-0.088546335,0.587478496,-0.517621085,0.29470195,0.670663577,-0.240738971,0.26842399,-0.952800836,0.475225796,1.158834618,-0.396332315,0.49873497,-0.066944819,0.352343116,0.666754266,0.265609939,0.351373891,-0.207551558,0.189861071,0.080179061,0.672421005,0.1711003,0.952620624,-0.417781446,-0.281538815,0.982886453,0.140417438,-0.663463579,0.917964177,-0.110993731,1.684652403,0.241079065,-0.668850863,0.114200349,-0.643613308,0.870311637,0.026258371,-1.427513301,0.226147745,-0.352751313,1.897901952,1.603950224,-0.009469839,0.154802234,-1.510553151
-0.048515389,0.022442429,0.089225613,0.231463688,0.383644252,0.069863179,0.071717234,0.048679649,0.207790646,0.03053099,0.003067908,0.227228875,-0.07069748,0.025876179,-1.330000016,-0.726724662,0.373124166,-0.696547125,-0.014805333,-0.496271623,-1.324749395,-0.237375238,-0.784811554,-0.447704934,-0.154297724,-0.964940092,-1.41830166,-0.626737365,-1.263784651,-1.734867842,-0.148636891,-0.335635098,-0.469672147,-1.28020405,-1.696472487,-0.011467238,-0.36729326,-0.142519888,-0.372824482,-1.097301454,-0.700163987,-1.175642261,-0.651377961,-0.261447425,-0.601023716,0.536147088,1.224923362,1.557093798,-0.815818924,0.461895216,-1.234202109,0.153207901,-0.671683271,-0.882570816,-1.641092171,-0.986402125,-1.874888131,-0.876583268,-1.517533527,-2.412832609,-1.23068229,-1.839449883,0.078608645,-1.289294532,-1.256790629,-0.329206929,-0.279616591,-1.379959434,0.20099047,-1.638211377
0.343031314,0.067314346,0.001176828,-0.000662871,-0.091189585,0.126887214,0.430740612,0.402512908,0.062080592,-0.003843239,0.012412596,0.017567036,-0.003734048,-0.013081964,-0.768559819,-0.148841731,-0.639966616,-0.019698415,-0.529962799,-1.238703382,-0.146476561,-0.442339952,0.086058812,-0.309841189,-1.221003706,-0.220277493,-0.423812765,0.315414621,-0.61280388,-0.748589368,0.355025883,-0.501828032,0.53474015,-0.529281461,-0.714374397,-0.034466949,-0.3070873,0.711539942,-0.470461631,-0.363572847,0.186962975,0.19861319,-0.082082484,-0.482021723,0.283949205,0.780047867,0.500639289,-0.160545559,-0.375619441,-1.039739004,1.182986689,-0.723090912,-0.396878105,0.309167536,-0.649035584,-0.072989201,-0.621347127,0.363675641,0.694474727,0.302742357,-0.110159268,0.468843292,-0.346741605,-0.410515414,0.338114925,1.150378361,-0.816143006,-2.882315457,-0.258915233,-0.116399866
-0.171274401,-0.081670548,-0.241580878,-0.370155494,-0.272511174,-0.285833637,-0.250542017,-0.102815226,-0.002149529,-0.382838775,0.30838341,-0.136627035,0.296403742,-0.335320848,-0.555616985,-0.124745953,0.283227644,-0.153424021,-1.076852026,0.066271965,0.066603506,0.48205221,-0.522692391,-0.81919149,0.461212193,0.208262985,0.693589152,0.000564924,-1.060261059,0.227035933,0.602620316,0.444276317,0.118290089,-0.997145114,-0.327053868,0.453604511,-0.137352044,0.148706572,-0.309850997,-0.4810651,0.120007331,0.320325174,-0.100706575,-0.347991078,-0.046936702,0.053287972,0.492328966,0.151874617,-0.424810749,-0.074424143,1.007988766,0.299174994,-0.087432534,-1.003981507,-0.177564368,-0.350981285,0.386285223,0.913155528,-1.644109419,-1.108694496,-0.396839095,0.908808742,-0.703651981,-0.999131213,-0.558278955,-0.345139925,-0.352770392,-1.180947423,-0.929016024,-0.294759431
-0.08872258,-0.384357869,-0.684670672,-0.525386812,-0.272270639,-0.480607654,-0.532537368,-0.287842613,-0.261612115,-0.409799043,-0.741168157,-0.745209761,-0.669870601,-0.652158783,-0.635245193,0.766429826,0.395582354,-0.227837196,-0.013641001,0.018812703,0.949016123,0.563838371,-0.548399368,-0.297317621,0.084078444,0.31736872,-0.220204338,0.168329914,-0.756460885,-0.962720155,0.174141188,-0.638751139,0.001913459,-0.84942232,-0.648967986,0.227259583,-0.239820402,-0.382792962,-0.359710403,-0.20712711,0.357953722,0.54781057,-0.369469855,0.396186291,-0.005856956,-0.02209022,-0.097068876,-0.319754331,1.189391762,0.00997793,0.195067185,-2.123626201,0.324468282,0.709480971,-0.535982564,-0.588176302,0.093481905,1.246747696,1.630032195,-0.51884284,0.559176191,1.555471957,0.437415702,0.939400621,0.601473885,0.805745505,2.229842037,-0.432612997,2.136508256,-0.719361216
-0.241651446,-0.096193339,-0.088997562,-0.128167992,0.00690354,-0.150106498,0.043182202,0.031983847,-0.090432771,-0.092400238,-0.210066935,-0.569941161,-0.424153649,-0.162331608,-0.678513466,0.182155575,0.323967903,-0.118644984,-0.156393951,-0.230958946,0.233583457,-0.00812774,-0.477735356,0.845227477,-0.057195663,-0.333840359,0.264526866,-0.520973501,-0.85303375,-0.467432238,-0.600563314,-0.156487878,-0.774330273,-0.979466974,-0.285350952,-0.168089303,0.366765306,-0.261152033,-0.760218301,-0.173670051,0.794587823,0.021709886,-0.055302537,0.182853698,0.123716553,0.196205004,-1.322831434,0.080622203,-0.799207724,-0.425274291,0.632311584,-0.551945583,-0.063934656,-1.092588484,-0.854534173,-0.625818787,-0.578100725,0.052254797,-1.634206555,-0.456924775,-0.649228718,0.685165244,-0.12325228,-1.454879812,1.171142523,1.411342919,0.060383376,-0.457152337,-2.085594922,1.584148258
0.238920226,-0.05508216,-0.235582693,-0.34812336,-0.281547008,-0.245014917,-0.157837806,-0.132017546,-0.230251349,-0.645581944,-0.455303256,-0.31709955,-0.218449626,-0.506081824,0.409027755,-0.437052193,-0.324506549,-0.193588567,-0.342285403,0.457208929,-0.074027884,-0.328390556,-0.328526148,0.119359132,0.191141532,0.25002454,-0.173146232,-0.150460155,-0.84308512,-0.321589059,-0.095386904,0.0550107,-0.167603359,-1.976436821,-0.279625591,-0.025267634,0.36610422,-0.048857018,-1.212371657,-0.072145101,0.127011364,-0.148250906,0.200691696,0.172643027,0.469768034,0.013340984,-0.608745021,-1.036511554,-2.201784073,-0.779310507,-0.39740187,0.43186994,-0.818051249,0.300361309,0.270212596,-0.999384146,1.185739025,0.105392561,-0.757164171,1.030038688,0.030965257,-0.016598978,-0.326104992,-1.014547855,0.371042588,-0.380239096,0.104771936,-0.820786193,0.022618834,1.045228481
-0.09934255,-0.188851819,-0.21970395,-0.551869979,-0.547136232,-0.249649459,-0.4151133,-0.318350936,-0.590302507,-0.626081729,0.023140956,0.047213397,0.13840456,-0.854124135,-0.11400728,-0.133802225,0.047685245,-0.064468415,-0.413407676,-0.789363011,-0.212872113,0.089640642,-0.230927212,-0.495219096,-0.618067587,1.355931701,0.598771019,-0.025988579,-1.053193821,-0.809764183,0.572293216,0.324401323,0.110847225,-1.018578503,-0.120733955,0.288891027,0.254373686,-0.177974468,-0.812671207,-0.194629185,-0.164136854,-0.04696066,-0.635009099,-0.059667486,0.138623941,0.259895537,0.816433449,-0.149184563,0.120762744,-0.719999413,-0.084761393,1.129176294,-0.517431617,-0.610435174,-0.622551053,1.425691866,-0.419532995,0.125514083,-0.390996286,0.582241109,1.88125062,-1.402065788,-0.844027277,-0.429672533,0.001274463,0.351561643,0.327448662,-0.453902371,-0.705392495,1.589253381
0.145004875,-0.053656746,0.002471531,0.016474058,-0.060432725,-0.348808402,-0.364188707,-0.153383416,-0.219382295,0.2103549,0.057839578,0.03234388,0.037245116,0.220488581,-0.56576499,-0.730484825,-0.02663318,0.404372503,-0.307353309,-0.735138801,-0.546957229,-0.206322988,0.55223707,-0.369017055,-0.631158486,0.248181989,-1.015524294,0.647778712,-0.141950095,-0.750259995,-0.192756657,-1.556108654,0.400129367,-0.51692531,-0.310560481,-0.272429047,-0.934312126,0.446833672,-0.921061851,-0.803249469,-0.724524283,0.50637194,0.671063657,-0.383182367,-0.452236465,0.05760489,-0.434793358,0.355277389,-1.327007459,-0.958223219,0.655672357,-0.388172415,0.797624927,0.23867863,-0.200909401,-0.547969184,0.463722417,1.506672574,-0.468664188,0.037149932,-1.184002565,1.057698918,1.729042368,-1.071724347,1.025272178,-1.568929762,0.958964586,2.017908871,-0.978036441,-0.750258975
-0.224523934,-0.427746805,-0.602224778,-0.477754111,-0.539151758,-0.386944623,-0.325522452,-0.080738515,-0.289574334,-0.234961502,-0.620605174,-0.574848773,-0.585737187,-0.694084286,0.239203473,0.553758119,-1.093674925,0,0.169668874,0.29526616,0.116866355,-0.976197249,0,0.192879202,0.360764508,0.095698601,-0.667388308,0,-0.463871687,0.133207454,-0.164400161,-1.84910836,0,-0.858768123,-0.27825399,-0.281912378,-0.653957679,0,0.095271015,-0.123226643,0.688877905,-1.515160674,0,-0.209408437,0.43087557,1.426213492,-2.409695529,0,-0.614770436,0.177986505,0.308325747,-1.011228117,0,-0.244429324,-0.038303023,0.724157994,-1.231202322,0,-0.96156847,-0.396845344,0.489370546,-1.503313443,0,-0.597689243,-0.36242213,2.363993585,-1.174420332,0,-1.574637637,0.824240234
-0.548696282,-0.617630258,-0.413248569,-0.386832265,-0.36309862,-0.32381398,-0.677232629,-0.7127183,-0.242326588,-0.81410852,-0.171319853,-0.495770313,-0.443938387,-0.380806168,1.911679589,0.119897003,0.165431305,-0.41524516,-0.190215373,1.537421525,0.454063903,-0.179987706,0.248563856,-0.26818772,0.890135341,0.018541181,-0.180828781,-0.234683212,-0.356785028,1.14827676,0.630569845,-0.113491393,-0.606286065,0.055696465,0.608560759,0.273601713,-0.128452184,-0.559422739,0.039609728,0.092854773,0.466473801,-0.306562166,-0.54544478,0.465723693,1.398971189,0.619670532,-0.029370458,-0.332303005,1.344676952,1.436028234,0.492791012,0.548824851,-0.84501274,0.302132237,2.182809117,0.855186864,0.016297422,-1.272392491,0.281909783,1.484487405,0.421844138,-0.342037955,-0.57744833,0.714396511,1.179946406,0.433427267,-0.444887396,-2.232043445,-0.461558752,1.806861609
0.259615166,0.313762737,0.256339097,0.025520816,-0.115899742,-0.222336047,0.052007611,0.005212305,-0.051898326,0.150526281,0.288221456,0.054124837,-0.094896728,0.248952335,0.248580406,0.371733976,0.380667103,0,0.363472908,0.205791978,0.201656904,0.3888936,0,-0.203585765,0.242725893,0.614298652,0.381596759,0,-0.404164781,0.284310829,0.518034442,0.392173062,0,-0.685733002,0.161636209,0.407102346,0.276123344,0,-0.189264605,0.302614591,0.272707911,0.313649643,0,-0.355148028,0.782974315,0.514657158,0.256516887,0,-0.859042579,1.392294079,1.201722995,1.137145577,0,0.503368291,0.05065651,0.501114988,-0.17027096,0,-0.510091188,0.476034884,-0.430737159,0.249059686,0,-0.811697968,0.957824641,0.585599981,0.72510612,0,-1.470892936,0.000358522
0.045787922,0.330565216,0.280297575,-0.12382341,0.025600727,-0.153484953,0.042868791,-0.150738842,-0.15848846,-0.215222836,0.537273787,0.219309387,0.044509814,-0.391879804,-0.230157516,0.086209545,0.511459276,0,-0.273934998,-0.084719751,-0.847500005,0.169165389,0,-0.290706976,-0.660973763,-0.382716535,0.029117685,0,-0.117809854,-0.557959083,0.131209767,0.224744956,0,0.341284956,-0.347868158,0.243423063,0.179039526,0,0.262017936,-0.055341408,-0.564275599,0.854237808,0,0.184049664,-0.605349084,1.976179141,0.448519397,0,-0.073621067,-0.5510835,0.368016929,0.633986715,0,1.154538734,-0.009104208,0.746715779,1.069880285,0,0.186959917,0.819185012,0.359457773,1.308181716,0,-0.13059551,0.618410592,0.77066987,1.0036547,0,0.046167392,-0.039051551
0.1824562,0.348016321,0.243052421,-0.301668963,-0.543818928,-0.19373884,-0.084945084,-0.001062845,-0.171650563,-0.338631238,0.300049678,0.131058067,0.181343247,0.312534005,0.538442796,0.377102062,-0.113402322,-0.210088266,-0.427926541,1.046219479,0.360012088,0.361693363,0.238528702,-0.061944732,1.251241495,0.707264749,0.276064265,0.410953891,-0.334018809,-0.05130179,0.43700709,0.160635613,0.194248624,-0.490970042,-0.017084746,0.354068633,-0.066207863,0.272471376,-0.557208864,0.266932385,0.436424292,-0.026379867,0.378736672,-0.769465842,0.533852169,1.149463537,0.284472271,0.123475683,-0.805926921,0.485478236,-0.428851937,0.11887192,0.009156822,0.107816985,-0.534405264,0.811674403,-1.112036958,0.116876476,-1.807307572,-0.064751006,0.772136567,-0.152855015,0.096581725,-0.893314557,0.687911012,0.970470503,-0.630957075,-0.630421422,-0.862568781,0.470614515
0.166523049,0.241509594,0.10186171,-0.026013151,0.164920385,0.092442811,-0.091346488,-0.256513531,0.048224469,-0.127877403,0.065651893,-0.082790838,-0.045613992,-0.073874749,0.381415172,0.039835841,0.452937779,0,-0.288093441,-0.567133103,0.429475025,-0.725637784,0,-0.110613228,-0.63758094,0.242069956,0.756771227,0,0.212297078,0.423762586,-0.059392094,2.144372645,0,0.224596659,0.213042351,0.376685785,1.967377599,0,0.014223195,0.611147196,0.650127346,-0.002103427,0,-0.080949654,-0.62402586,-0.01716438,3.433253126,0,-0.414967788,0.157409653,0.572302026,1.388326698,0,0.14536678,-0.29123948,0.916381041,1.267619849,0,0.571375393,-0.655907876,1.246274032,-0.787544327,0,0.195057271,-0.474805403,1.889101148,0.188181855,0,1.134370741,-0.491775156
0.447207583,0.618700604,0.377858858,0.277278942,0.027456172,0.289755957,0.349803068,0.619471503,0.032870878,0.839894367,0.4317543,0.099032796,-0.053050558,0.159651139,-1.106494548,0.314916179,-0.182240599,0,-0.996528308,-0.733238614,0.287682054,0.020354376,0,-1.051642283,-0.430018821,0.117309868,0.250527492,0,-0.31712454,-0.419980937,0.206223289,-0.126406515,0,-0.521473357,-1.011093357,0.037157162,-0.457475724,0,-0.769946977,-0.643860244,-0.119389269,-0.193822614,0,-0.648992455,-0.723472872,-0.266687661,0.054643861,0,-0.746482357,-0.28762359,0.038648288,-0.417668279,0,-0.79939928,-1.494503278,0.249946659,0.445373479,0,-0.856643902,-1.406754266,-0.19855682,0.979807573,0,0.065502248,-2.096650226,0.238509819,1.005150422,0,-0.886198655,-1.645077258
-0.571935632,-0.623785511,-0.42090731,-0.343131259,-0.547922948,-0.483429574,-0.483331629,-0.204270722,-0.159646965,-0.188514904,-0.261760319,-0.712746175,-0.323049986,-0.451941216,0,-0.420214479,-1.209871011,0,-0.825419475,0,-0.222849438,-0.774389754,0,-0.734551884,0,-0.097948077,-0.390013724,0,-0.468245156,0,-0.04805768,0.505370934,0,-0.20558356,0,-0.227298256,-0.031295291,0,-0.313927459,0,-0.251427222,-0.194335724,0,-0.232465676,0,-0.471371322,-0.221447733,0,-0.377582649,0,0.77805122,1.213492583,0,-0.190195819,0,0.082572494,0.11688817,0,0.143811411,0,-0.496686459,-2.219445978,0,0.888328061,0,-0.641903049,0.626866803,0,-0.636155669,0
-0.434408934,-0.267468781,-0.140720086,0.057768459,-0.420812931,0.021342946,0.214373846,0.096737594,-0.339878506,0.056421349,0.088863727,-0.496784643,-0.443356847,-0.129265404,,,,,,,,,,,,,,,,,,,,,,,,,,,,,,,,,,,,,,,,,,,,,,,,,,,,,,,,